Date,Total_Orders,Average_Delivery_Time,Median_Delivery_Time,Average_Distance_KM,Average_Agent_Rating,Average_Pickup_Delay,Festival,Is_Monsoon,Dominant_Traffic,Dominant_Weather,Average_Demand_Pressure,Actual_Demand,Forecast_Demand,Actual_Demand_Capacity,Forecast_Demand_Capacity,Base_Agents_Required,Agents_With_Safety_Buffer,Recommended_Agents,Planned_Delivery_Capacity,Capacity_Surplus,Demand_Risk,Expected_Utilization_Percent,Actual_vs_Forecast,Actual_Capacity_Gap,Month,Delivery_Performance_Status,Forecast_Error,Forecast_Absolute_Error,Forecast_Error_Percent,Capacity_Gap,Utilization_Status,Operational_Risk_Score,Operational_Risk_Level,Recommended_Action
2024-01-01,904,72.89933628318585,71.0,8.790077433628317,4.60962389380531,11.680309734513274,None,False,Jam,Fog,0.909,,,,,,,,,,,,,,,Good,,,,,,6.0,Medium,Increase route optimization and dispatch monitoring
2024-01-02,817,70.80660954712363,69.0,8.808837209302325,4.623500611995104,11.799265605875153,None,False,Low,Fog,0.822,,,,,,,,,,,,,,,Good,,,,,,4.0,Medium,Operations performing within expected range
2024-01-03,1002,74.24251497005989,73.0,8.990578842315369,4.633033932135729,11.578842315369261,None,False,Jam,Fog,1.008,,,,,,,,,,,,,,,Good,,,,,,6.0,Medium,Increase route optimization and dispatch monitoring
2024-01-04,959,74.0636079249218,72.0,9.24832116788321,4.627320125130344,11.903023983315954,None,False,Jam,Fog,0.965,,,,,,,,,,,,,,,Good,,,,,,6.0,Medium,Increase route optimization and dispatch monitoring
2024-01-05,798,70.83709273182957,69.0,8.968233082706767,4.617543859649123,11.780701754385966,None,False,Jam,Fog,0.8029999999999999,,,,,,,,,,,,,,,Good,,,,,,6.0,Medium,Increase route optimization and dispatch monitoring
2024-01-06,815,71.77791411042945,70.0,8.844907975460123,4.6188957055214726,11.812269938650306,None,False,Jam,Stormy,0.82,,,,,,,,,,,,,,,Good,,,,,,6.0,Medium,Increase route optimization and dispatch monitoring
2024-01-07,911,71.94291986827662,69.0,8.970406147091108,4.61569703622393,11.734357848518112,None,False,Jam,Fog,0.916,,,,,,,,,,,,,,,Good,,,,,,6.0,Medium,Increase route optimization and dispatch monitoring
2024-01-08,860,71.2046511627907,69.0,8.830127906976744,4.624651162790697,11.597674418604651,None,False,Jam,Fog,0.865,,,,,,,,,,,,,,,Good,,,,,,6.0,Medium,Increase route optimization and dispatch monitoring
2024-01-09,891,71.92031425364759,70.0,9.011335578002246,4.617059483726151,11.729517396184063,None,False,Jam,Windy,0.896,,,,,,,,,,,,,,,Good,,,,,,5.0,Medium,Increase route optimization and dispatch monitoring
2024-01-10,882,71.61111111111111,69.0,8.891269841269843,4.622448979591836,11.727891156462585,None,False,Jam,Fog,0.8870000000000001,,,,,,,,,,,,,,,Good,,,,,,6.0,Medium,Increase route optimization and dispatch monitoring
2024-01-11,955,73.74136125654451,71.0,9.133633507853403,4.633717277486911,11.758115183246073,None,False,Jam,Windy,0.961,,,,,,,,,,,,,,,Good,,,,,,5.0,Medium,Increase route optimization and dispatch monitoring
2024-01-12,1005,73.76019900497512,70.0,8.969960199004975,4.619203980099503,11.60497512437811,None,False,Low,Fog,1.011,,,,,,,,,,,,,,,Good,,,,,,4.0,Medium,Operations performing within expected range
2024-01-13,915,72.4896174863388,71.0,8.908284153005464,4.6251366120218576,11.605464480874318,None,False,Jam,Stormy,0.921,,,,,,,,,,,,,,,Good,,,,,,6.0,Medium,Increase route optimization and dispatch monitoring
2024-01-14,983,73.72227873855545,72.0,8.834374364191252,4.617395727365208,11.843336724313327,None,False,Jam,Stormy,0.989,,,,,,,,,,,,,,,Good,,,,,,6.0,Medium,Increase route optimization and dispatch monitoring
2024-01-15,916,71.47816593886463,70.0,8.792554585152837,4.628602620087336,11.602620087336245,None,False,Jam,Fog,0.922,,,,,,,,,,,,,,,Good,,,,,,6.0,Medium,Increase route optimization and dispatch monitoring
2024-01-16,832,71.44350961538461,68.0,9.073076923076924,4.623798076923077,11.69110576923077,None,False,Jam,Stormy,0.837,,,,,,,,,,,,,,,Good,,,,,,6.0,Medium,Increase route optimization and dispatch monitoring
2024-01-17,975,72.01333333333334,70.0,8.354010256410255,4.617538461538462,11.50051282051282,None,False,Jam,Sunny,0.981,,,,,,,,,,,,,,,Good,,,,,,5.0,Medium,Increase route optimization and dispatch monitoring
2024-01-18,825,70.90787878787879,67.0,8.737381818181818,4.604484848484848,11.853333333333333,None,False,Jam,Fog,0.83,,,,,,,,,,,,,,,Good,,,,,,6.0,Medium,Increase route optimization and dispatch monitoring
2024-01-19,1014,73.45364891518737,71.0,8.711311637080868,4.627810650887574,11.890532544378699,None,False,Jam,Sandstorms,1.02,,,,,,,,,,,,,,,Good,,,,,,5.0,Medium,Increase route optimization and dispatch monitoring
2024-01-20,908,72.2147577092511,69.0,8.908953744493392,4.619493392070485,11.768722466960352,None,False,Jam,Stormy,0.913,,,,,,,,,,,,,,,Good,,,,,,6.0,Medium,Increase route optimization and dispatch monitoring
2024-01-21,889,71.53880764904387,69.0,8.799651293588301,4.62710911136108,11.796400449943757,None,False,Jam,Fog,0.8939999999999999,,,,,,,,,,,,,,,Good,,,,,,6.0,Medium,Increase route optimization and dispatch monitoring
2024-01-22,836,70.38875598086125,68.0,9.220574162679425,4.621650717703349,11.299043062200957,None,False,Low,Fog,0.8410000000000001,,,,,,,,,,,,,,,Good,,,,,,4.0,Medium,Operations performing within expected range
2024-01-23,981,74.59734964322121,73.0,8.833047910295615,4.623139653414883,11.533129459734964,None,False,Jam,Fog,0.987,,,,,,,,,,,,,,,Good,,,,,,6.0,Medium,Increase route optimization and dispatch monitoring
2024-01-24,936,72.6207264957265,71.0,8.73017094017094,4.610897435897436,11.737179487179487,None,False,Jam,Fog,0.942,,,,,,,,,,,,,,,Good,,,,,,6.0,Medium,Increase route optimization and dispatch monitoring
2024-01-25,863,71.39397450753187,69.0,8.906477404403244,4.618887601390498,11.938586326767092,None,False,Jam,Fog,0.8679999999999999,,,,,,,,,,,,,,,Good,,,,,,6.0,Medium,Increase route optimization and dispatch monitoring
2024-01-26,921,73.57980456026058,71.0,8.910054288816504,4.61357220412595,12.009771986970684,None,False,Jam,Windy,0.927,,,,,,,,,,,,,,,Good,,,,,,5.0,Medium,Increase route optimization and dispatch monitoring
2024-01-27,951,71.07045215562566,69.0,8.585268138801261,4.619663512092535,11.585699263932703,None,False,Jam,Windy,0.957,,,,,,,,,,,,,,,Good,,,,,,5.0,Medium,Increase route optimization and dispatch monitoring
2024-01-28,930,72.0731182795699,70.0,8.700440860215053,4.622043010752688,11.758064516129032,None,False,Jam,Stormy,0.936,,,,,,,,,,,,,,,Good,,,,,,6.0,Medium,Increase route optimization and dispatch monitoring
2024-01-29,914,72.17286652078775,69.0,9.028019693654267,4.6156455142231945,11.934354485776804,None,False,Jam,Fog,0.92,,,,,,,,,,,,,,,Good,,,,,,6.0,Medium,Increase route optimization and dispatch monitoring
2024-01-30,925,72.40756756756757,69.0,9.318367567567567,4.603135135135135,11.563243243243242,None,False,Jam,Fog,0.931,,,,,,,,,,,,,,,Good,,,,,,6.0,Medium,Increase route optimization and dispatch monitoring
2024-01-31,1111,75.96129612961296,74.0,8.692997299729972,4.614761476147614,12.009000900090008,None,False,Jam,Sandstorms,1.118,,,,,,,,,,,,,,,Good,,,,,,6.0,Medium,Increase route optimization and dispatch monitoring
2024-02-01,884,70.92533936651584,68.0,8.756889140271493,4.617533936651584,11.605203619909503,None,False,Jam,Fog,0.889,,,,,,,,,,,,,,,Good,,,,,,6.0,Medium,Increase route optimization and dispatch monitoring
2024-02-02,929,72.90527448869753,70.0,8.820161463939721,4.620990312163617,11.870828848223896,None,False,Jam,Fog,0.935,,,,,,,,,,,,,,,Good,,,,,,6.0,Medium,Increase route optimization and dispatch monitoring
2024-02-03,871,68.97474167623422,66.0,8.727508610792192,4.618714121699196,11.555683122847302,None,False,Low,Stormy,0.876,,,,,,,,,,,,,,,Good,,,,,,4.0,Medium,Operations performing within expected range
2024-02-04,968,73.97520661157024,71.0,9.086188016528926,4.6155991735537185,11.890495867768594,None,False,Jam,Fog,0.974,,,,,,,,,,,,,,,Good,,,,,,6.0,Medium,Increase route optimization and dispatch monitoring
2024-02-05,987,75.43161094224924,73.0,9.461489361702128,4.613475177304965,12.055724417426545,None,False,Jam,Fog,0.993,,,,,,,,,,,,,,,Good,,,,,,7.0,High,Increase route optimization and dispatch monitoring
2024-02-06,906,70.51655629139073,68.0,8.542836644591612,4.6245033112582785,11.696467991169978,None,False,Jam,Windy,0.911,,,,,,,,,,,,,,,Good,,,,,,5.0,Medium,Increase route optimization and dispatch monitoring
2024-02-07,904,71.42477876106194,69.0,8.735962389380532,4.624115044247787,11.766592920353983,None,False,Jam,Stormy,0.909,,,,,,,,,,,,,,,Good,,,,,,6.0,Medium,Increase route optimization and dispatch monitoring
2024-02-08,854,71.01288056206089,67.0,9.04930913348946,4.631850117096018,11.668618266978923,None,False,Jam,Cloudy,0.859,,,,,,,,,,,,,,,Good,,,,,,6.0,Medium,Increase route optimization and dispatch monitoring
2024-02-09,1020,73.91568627450981,72.0,8.69663725490196,4.633627450980392,11.825490196078432,None,False,Jam,Fog,1.026,,,,,,,,,,,,,,,Good,,,,,,6.0,Medium,Increase route optimization and dispatch monitoring
2024-02-10,989,74.23559150657229,72.0,8.994165824064712,4.6173913043478265,11.543983822042467,None,False,Jam,Fog,0.995,,,,,,,,,,,,,,,Good,,,,,,6.0,Medium,Increase route optimization and dispatch monitoring
2024-02-11,964,73.57883817427386,71.5,9.090933609958507,4.618049792531121,11.868257261410788,None,False,Jam,Windy,0.97,,,,,,,,,,,,,,,Good,,,,,,5.0,Medium,Increase route optimization and dispatch monitoring
2024-02-12,857,71.11901983663944,70.0,8.776196032672113,4.600233372228705,11.772462077012836,None,False,Jam,Fog,0.862,,,,,,,,,,,,,,,Good,,,,,,6.0,Medium,Increase route optimization and dispatch monitoring
2024-02-13,932,71.8422746781116,70.0,8.69667381974249,4.612875536480686,11.63733905579399,None,False,Jam,Sunny,0.9379999999999998,,,,,,,,,,,,,,,Good,,,,,,5.0,Medium,Increase route optimization and dispatch monitoring
2024-02-14,979,74.28396322778345,72.0,8.964157303370786,4.620326864147089,11.626149131767109,None,False,Jam,Fog,0.985,,,,,,,,,,,,,,,Good,,,,,,6.0,Medium,Increase route optimization and dispatch monitoring
2024-02-15,931,72.1031149301826,70.0,8.763469387755102,4.625563909774436,11.711063372717508,None,False,Jam,Sandstorms,0.937,,,,,,,,,,,,,,,Good,,,,,,5.0,Medium,Increase route optimization and dispatch monitoring
2024-02-16,1038,74.30443159922929,72.0,8.72092485549133,4.619942196531792,11.513487475915221,None,False,Jam,Cloudy,1.044,,,,,,,,,,,,,,,Good,,,,,,6.0,Medium,Increase route optimization and dispatch monitoring
2024-02-17,950,73.01263157894736,71.0,8.834147368421053,4.620526315789474,11.598947368421053,None,False,Jam,Cloudy,0.956,,,,,,,,,,,,,,,Good,,,,,,6.0,Medium,Increase route optimization and dispatch monitoring
2024-02-18,974,73.53696098562628,72.0,8.878131416837782,4.6266940451745375,11.92299794661191,None,False,Jam,Cloudy,0.98,,,,,,,,,,,,,,,Good,,,,,,6.0,Medium,Increase route optimization and dispatch monitoring
2024-02-19,911,72.6860592755214,70.0,9.108649835345773,4.631284302963777,11.509330406147091,None,False,Jam,Fog,0.916,,,,,,,,,,,,,,,Good,,,,,,6.0,Medium,Increase route optimization and dispatch monitoring
2024-02-20,937,73.4503735325507,71.0,9.098473852721451,4.616648879402348,11.388473852721452,None,False,Jam,Fog,0.9430000000000001,,,,,,,,,,,,,,,Good,,,,,,6.0,Medium,Increase route optimization and dispatch monitoring
2024-02-21,1019,73.21393523061825,71.0,8.680883218842002,4.622374877330716,11.856722276741904,None,False,Jam,Fog,1.025,,,,,,,,,,,,,,,Good,,,,,,6.0,Medium,Increase route optimization and dispatch monitoring
2024-02-22,808,71.03217821782178,68.0,8.793873762376238,4.6058168316831685,11.727722772277227,None,False,Jam,Fog,0.813,,,,,,,,,,,,,,,Good,,,,,,6.0,Medium,Increase route optimization and dispatch monitoring
2024-02-23,946,71.81923890063425,69.0,8.689217758985201,4.63615221987315,11.643763213530656,None,False,Jam,Fog,0.952,,,,,,,,,,,,,,,Good,,,,,,6.0,Medium,Increase route optimization and dispatch monitoring
2024-02-24,899,71.1301446051168,69.0,8.616607341490544,4.620244716351502,11.567296996662959,None,False,Jam,Sandstorms,0.904,,,,,,,,,,,,,,,Good,,,,,,5.0,Medium,Increase route optimization and dispatch monitoring
2024-02-25,878,69.96697038724373,68.0,8.66244874715262,4.640432801822324,11.666287015945331,None,False,Jam,Fog,0.883,,,,,,,,,,,,,,,Good,,,,,,6.0,Medium,Increase route optimization and dispatch monitoring
2024-02-26,887,73.12626832018039,71.0,9.253111612175873,4.625479143179256,11.7576099210823,None,False,Jam,Fog,0.8920000000000001,,,,,,,,,,,,,,,Good,,,,,,6.0,Medium,Increase route optimization and dispatch monitoring
2024-02-27,1025,74.8839024390244,73.0,8.971551219512195,4.613853658536585,11.815609756097562,None,False,Jam,Cloudy,1.031,,,,,,,,,,,,,,,Good,,,,,,6.0,Medium,Increase route optimization and dispatch monitoring
2024-02-28,904,73.15154867256638,72.0,8.983772123893806,4.617920353982301,11.892699115044248,None,False,Jam,Sandstorms,0.909,,,,,,,,,,,,,,,Good,,,,,,5.0,Medium,Increase route optimization and dispatch monitoring
2024-02-29,987,73.43363728470112,71.0,9.091975683890578,4.627152988855117,11.962512664640323,None,False,Jam,Fog,0.993,,,,,,,,,,,,,,,Good,,,,,,6.0,Medium,Increase route optimization and dispatch monitoring
2024-03-01,876,70.18150684931507,68.0,8.662682648401827,4.611415525114155,11.695205479452055,None,False,Low,Fog,0.881,,,,,,,,,,,,,,,Good,,,,,,4.0,Medium,Operations performing within expected range
2024-03-02,948,72.9789029535865,70.0,8.995580168776371,4.6265822784810124,11.516877637130802,None,False,Jam,Sandstorms,0.954,,,,,,,,,,,,,,,Good,,,,,,5.0,Medium,Increase route optimization and dispatch monitoring
2024-03-03,977,73.24769703172979,71.0,8.899580348004093,4.621187308085977,11.697031729785056,None,False,Jam,Windy,0.983,,,,,,,,,,,,,,,Good,,,,,,5.0,Medium,Increase route optimization and dispatch monitoring
2024-03-04,990,72.56666666666666,70.0,8.98690909090909,4.62,11.71010101010101,None,False,Jam,Stormy,0.996,,,,,,,,,,,,,,,Good,,,,,,6.0,Medium,Increase route optimization and dispatch monitoring
2024-03-05,1009,73.49950445986124,71.0,8.857076313181368,4.6247770069375616,11.612487611496531,None,False,Jam,Fog,1.015,,,,,,,,,,,,,,,Good,,,,,,6.0,Medium,Increase route optimization and dispatch monitoring
2024-03-06,1077,74.79480037140205,73.0,8.589173630454969,4.6218198700092845,11.823584029712164,None,False,Jam,Fog,1.084,,,,,,,,,,,,,,,Good,,,,,,6.0,Medium,Increase route optimization and dispatch monitoring
2024-03-07,929,71.43810548977395,69.0,8.57270182992465,4.629386437029063,12.06135629709365,None,False,Jam,Stormy,0.935,,,,,,,,,,,,,,,Good,,,,,,6.0,Medium,Increase route optimization and dispatch monitoring
2024-03-08,975,73.89538461538461,72.0,9.106974358974359,4.628923076923077,11.551794871794872,None,False,Jam,Fog,0.981,,,,,,,,,,,,,,,Good,,,,,,6.0,Medium,Increase route optimization and dispatch monitoring
2024-03-09,1042,74.10364683301344,71.0,8.832907869481765,4.632821497120921,11.768714011516314,None,False,Jam,Fog,1.048,,,,,,,,,,,,,,,Good,,,,,,6.0,Medium,Increase route optimization and dispatch monitoring
2024-03-10,950,72.63578947368421,70.0,8.94337894736842,4.618842105263157,11.804210526315789,None,False,Jam,Fog,0.956,,,,,,,,,,,,,,,Good,,,,,,6.0,Medium,Increase route optimization and dispatch monitoring
2024-03-11,849,70.88574793875148,69.0,9.076843345111897,4.634628975265018,11.566548881036514,None,False,Jam,Fog,0.8539999999999999,,,,,,,,,,,,,,,Good,,,,,,6.0,Medium,Increase route optimization and dispatch monitoring
2024-03-12,869,72.52243958573072,70.0,8.79680092059839,4.619907940161104,11.608745684695052,None,False,Jam,Stormy,0.874,,,,,,,,,,,,,,,Good,,,,,,6.0,Medium,Increase route optimization and dispatch monitoring
2024-03-13,940,72.00744680851064,69.0,8.59923404255319,4.6268085106382975,11.591489361702127,None,False,Jam,Cloudy,0.9460000000000001,,,,,,,,,,,,,,,Good,,,,,,6.0,Medium,Increase route optimization and dispatch monitoring
2024-03-14,993,74.35347432024169,72.0,8.91963746223565,4.631218529707956,11.910372608257804,None,False,Jam,Fog,0.999,,,,,,,,,,,,,,,Good,,,,,,6.0,Medium,Increase route optimization and dispatch monitoring
2024-03-15,1025,74.45463414634146,72.0,9.055639024390244,4.622048780487805,11.748292682926829,None,False,Jam,Sandstorms,1.031,,,,,,,,,,,,,,,Good,,,,,,5.0,Medium,Increase route optimization and dispatch monitoring
2024-03-16,1029,74.5597667638484,72.0,8.88128279883382,4.613896987366375,11.649173955296405,None,False,Jam,Fog,1.035,,,,,,,,,,,,,,,Good,,,,,,6.0,Medium,Increase route optimization and dispatch monitoring
2024-03-17,933,72.02036441586282,69.0,8.771779206859593,4.62357984994641,11.629153269024652,None,False,Jam,Fog,0.939,,,,,,,,,,,,,,,Good,,,,,,6.0,Medium,Increase route optimization and dispatch monitoring
2024-03-18,959,72.95516162669448,70.0,9.178102189781022,4.614702815432742,11.667361835245046,None,False,Jam,Stormy,0.965,,,,,,,,,,,,,,,Good,,,,,,6.0,Medium,Increase route optimization and dispatch monitoring
2024-03-19,1004,73.71812749003983,72.0,8.62683266932271,4.610856573705179,11.665338645418327,None,False,Jam,Fog,1.01,,,,,,,,,,,,,,,Good,,,,,,6.0,Medium,Increase route optimization and dispatch monitoring
2024-03-20,1108,77.45487364620939,75.0,9.448483754512635,4.6228339350180505,11.67057761732852,Holi,False,Jam,Stormy,1.115,,,,,,,,,,,,,,,Good,,,,,,8.0,High,Increase route optimization and dispatch monitoring | Increase staffing for Holi demand
2024-03-21,1110,75.87837837837837,74.0,8.952567567567568,4.625495495495496,11.889189189189189,Holi,False,Jam,Stormy,1.117,,,,,,,,,,,,,,,Good,,,,,,8.0,High,Increase route optimization and dispatch monitoring | Increase staffing for Holi demand
2024-03-22,1076,75.23420074349443,74.0,8.752444237918215,4.621933085501858,11.817843866171003,Holi,False,Jam,Windy,1.082,,,,,,,,,,,,,,,Good,,,,,,7.0,High,Increase route optimization and dispatch monitoring | Increase staffing for Holi demand
2024-03-23,1062,74.25141242937853,72.0,8.668145009416195,4.624105461393597,11.627118644067796,Holi,False,Jam,Fog,1.068,,,,,,,,,,,,,,,Good,,,,,,7.0,High,Increase route optimization and dispatch monitoring | Increase staffing for Holi demand
2024-03-24,1049,74.6415633937083,72.0,9.145471877979029,4.616110581506197,11.574833174451859,Holi,False,Low,Sunny,1.055,,,,,,,,,,,,,,,Good,,,,,,4.0,Medium,Increase staffing for Holi demand
2024-03-25,960,73.04375,71.0,9.0690625,4.613125,11.645833333333334,Holi,False,Low,Fog,0.966,,,,,,,,,,,,,,,Good,,,,,,5.0,Medium,Increase staffing for Holi demand
2024-03-26,1114,77.4245960502693,75.0,9.22831238779174,4.618850987432674,12.025134649910234,Holi,False,Jam,Sandstorms,1.121,,,,,,,,,,,,,,,Good,,,,,,7.0,High,Increase route optimization and dispatch monitoring | Increase staffing for Holi demand
2024-03-27,977,73.64790174002047,71.0,9.225690890481065,4.6122824974411465,11.703172978505629,None,False,Jam,Stormy,0.983,,,,,,,,,,,,,,,Good,,,,,,6.0,Medium,Increase route optimization and dispatch monitoring
2024-03-28,958,72.4384133611691,71.0,8.777693110647183,4.626722338204592,11.760960334029228,None,False,Jam,Windy,0.964,,,,,,,,,,,,,,,Good,,,,,,5.0,Medium,Increase route optimization and dispatch monitoring
2024-03-29,1054,75.18216318785579,73.0,9.005170777988615,4.626091081593928,12.060721062618596,None,False,Jam,Sandstorms,1.06,,,,,,,,,,,,,,,Good,,,,,,6.0,Medium,Increase route optimization and dispatch monitoring
2024-03-30,1012,73.18280632411067,70.5,8.80284584980237,4.609881422924901,11.709486166007904,None,False,Jam,Stormy,1.018,,,,,,,,,,,,,,,Good,,,,,,6.0,Medium,Increase route optimization and dispatch monitoring
2024-03-31,1019,74.17271835132483,72.0,8.91124631992149,4.614622178606477,11.867517173699705,None,False,Jam,Windy,1.025,,,,,,,,,,,,,,,Good,,,,,,5.0,Medium,Increase route optimization and dispatch monitoring
2024-04-01,950,73.61473684210526,72.0,9.067263157894736,4.620315789473684,11.953684210526315,None,False,Jam,Windy,0.956,,,,,,,,,,,,,,,Good,,,,,,5.0,Medium,Increase route optimization and dispatch monitoring
2024-04-02,935,72.65454545454546,70.0,8.827080213903743,4.615935828877005,12.014973262032086,None,False,Jam,Sunny,0.941,,,,,,,,,,,,,,,Good,,,,,,5.0,Medium,Increase route optimization and dispatch monitoring
2024-04-03,1019,73.25809617271835,71.0,8.633945044160942,4.612855740922473,11.681059862610402,None,False,Jam,Stormy,1.025,,,,,,,,,,,,,,,Good,,,,,,6.0,Medium,Increase route optimization and dispatch monitoring
2024-04-04,837,70.41816009557945,68.0,9.033715651135006,4.626284348864994,11.524492234169653,None,False,Low,Windy,0.842,,,,,,,,,,,,,,,Good,,,,,,3.0,Low,Operations performing within expected range
2024-04-05,908,72.82709251101322,70.0,9.206828193832598,4.626431718061674,11.890969162995594,None,False,Jam,Sandstorms,0.913,,,,,,,,,,,,,,,Good,,,,,,5.0,Medium,Increase route optimization and dispatch monitoring
2024-04-06,883,71.67610419026047,69.0,9.02228765571914,4.62797281993205,11.618346545866364,None,False,Jam,Fog,0.888,,,,,,,,,,,,,,,Good,,,,,,6.0,Medium,Increase route optimization and dispatch monitoring
2024-04-07,900,71.06555555555556,69.0,8.860244444444445,4.614888888888888,11.858888888888888,None,False,Jam,Sunny,0.905,,,,,,,,,,,,,,,Good,,,,,,5.0,Medium,Increase route optimization and dispatch monitoring
2024-04-08,1088,76.81617647058823,74.5,9.072261029411765,4.635661764705882,11.714154411764707,Eid,False,Jam,Cloudy,1.095,,,,,,,,,,,,,,,Good,,,,,,8.0,High,Increase route optimization and dispatch monitoring | Increase staffing for Eid demand
2024-04-09,988,71.48178137651821,69.0,8.535151821862348,4.622267206477733,11.581983805668017,Eid,False,Low,Fog,0.994,,,,,,,,,,,,,,,Good,,,,,,5.0,Medium,Increase staffing for Eid demand
2024-04-10,1096,76.43613138686132,75.0,9.261806569343067,4.6180656934306565,11.791970802919709,Eid,False,Jam,Sunny,1.103,,,,,,,,,,,,,,,Good,,,,,,7.0,High,Increase route optimization and dispatch monitoring | Increase staffing for Eid demand
2024-04-11,1176,77.64455782312925,75.0,8.774897959183674,4.610884353741496,11.98469387755102,Eid,False,Jam,Windy,1.183,,,,,,,,,,,,,,,Good,,,,,,7.0,High,Increase route optimization and dispatch monitoring | Increase staffing for Eid demand
2024-04-12,1098,77.28779599271402,75.0,8.876894353369764,4.6175774134790535,12.048269581056466,Eid,False,Jam,Fog,1.105,,,,,,,,,,,,,,,Good,,,,,,8.0,High,Increase route optimization and dispatch monitoring | Increase staffing for Eid demand
2024-04-13,1046,74.67017208413002,72.0,8.976261950286807,4.621414913957935,11.635755258126196,None,False,Jam,Fog,1.052,,,,,,,,,,,,,,,Good,,,,,,6.0,Medium,Increase route optimization and dispatch monitoring
2024-04-14,906,71.76379690949227,69.0,9.163940397350995,4.620309050772627,11.844370860927153,None,False,Jam,Sandstorms,0.911,,,,,,,,,,,,,,,Good,,,,,,5.0,Medium,Increase route optimization and dispatch monitoring
2024-04-15,943,72.76882290562035,70.0,8.894485683987275,4.622057264050902,11.85896076352068,None,False,Jam,Sunny,0.949,,,,,,,,,,,,,,,Good,,,,,,5.0,Medium,Increase route optimization and dispatch monitoring
2024-04-16,895,72.18324022346368,70.0,9.102368715083799,4.617430167597766,11.680446927374302,None,False,Jam,Cloudy,0.9,,,,,,,,,,,,,,,Good,,,,,,6.0,Medium,Increase route optimization and dispatch monitoring
2024-04-17,1000,74.359,71.0,8.86979,4.618399999999999,11.809,None,False,Jam,Cloudy,1.006,,,,,,,,,,,,,,,Good,,,,,,6.0,Medium,Increase route optimization and dispatch monitoring
2024-04-18,1034,74.75338491295938,72.0,9.03985493230174,4.607543520309478,11.784332688588007,None,False,Jam,Cloudy,1.04,,,,,,,,,,,,,,,Good,,,,,,6.0,Medium,Increase route optimization and dispatch monitoring
2024-04-19,886,70.63769751693002,69.0,8.826139954853273,4.617720090293454,11.642212189616252,None,False,Jam,Fog,0.891,,,,,,,,,,,,,,,Good,,,,,,6.0,Medium,Increase route optimization and dispatch monitoring
2024-04-20,1023,74.0733137829912,72.0,8.905327468230693,4.614369501466276,11.5386119257087,None,False,Jam,Stormy,1.029,,,,,,,,,,,,,,,Good,,,,,,6.0,Medium,Increase route optimization and dispatch monitoring
2024-04-21,997,72.53761283851554,70.0,8.688304914744233,4.622266800401203,11.670010030090271,None,False,Jam,Cloudy,1.003,,,,,,,,,,,,,,,Good,,,,,,6.0,Medium,Increase route optimization and dispatch monitoring
2024-04-22,914,73.30306345733041,72.0,9.397997811816193,4.62308533916849,11.75601750547046,None,False,Jam,Stormy,0.92,,,,,,,,,,,,,,,Good,,,,,,6.0,Medium,Increase route optimization and dispatch monitoring
2024-04-23,858,71.25990675990676,69.0,8.946620046620046,4.631585081585082,12.064102564102564,None,False,Jam,Stormy,0.863,,,,,,,,,,,,,,,Good,,,,,,6.0,Medium,Increase route optimization and dispatch monitoring
2024-04-24,1034,74.81528046421663,71.0,9.17747582205029,4.621856866537717,11.56769825918762,None,False,Jam,Cloudy,1.04,,,,,,,,,,,,,,,Good,,,,,,6.0,Medium,Increase route optimization and dispatch monitoring
2024-04-25,929,72.55866523143165,70.0,8.713218514531755,4.627879440258343,11.835306781485468,None,False,Jam,Fog,0.935,,,,,,,,,,,,,,,Good,,,,,,6.0,Medium,Increase route optimization and dispatch monitoring
2024-04-26,1047,74.18815663801337,73.0,8.651041069723018,4.626552053486151,11.904489016236868,None,False,Jam,Stormy,1.053,,,,,,,,,,,,,,,Good,,,,,,6.0,Medium,Increase route optimization and dispatch monitoring
2024-04-27,992,73.05947580645162,71.0,8.762449596774195,4.629334677419355,11.732862903225806,None,False,Jam,Sandstorms,0.998,,,,,,,,,,,,,,,Good,,,,,,5.0,Medium,Increase route optimization and dispatch monitoring
2024-04-28,1105,76.02262443438914,74.0,8.913819004524887,4.620633484162896,11.852488687782806,None,False,Jam,Fog,1.112,,,,,,,,,,,,,,,Good,,,,,,7.0,High,Increase route optimization and dispatch monitoring
2024-04-29,942,72.24946921443737,71.0,8.788715498938428,4.629617834394905,11.96284501061571,None,False,Jam,Sunny,0.948,,,,,,,,,,,,,,,Good,,,,,,5.0,Medium,Increase route optimization and dispatch monitoring
2024-04-30,891,71.75533108866442,70.0,9.063164983164983,4.638383838383839,11.453423120089786,None,False,Jam,Sunny,0.896,,,,,,,,,,,,,,,Good,,,,,,5.0,Medium,Increase route optimization and dispatch monitoring
2024-05-01,1054,76.25996204933587,72.5,9.244212523719165,4.6278937381404175,11.748576850094876,None,False,Jam,Fog,1.06,,,,,,,,,,,,,,,Good,,,,,,7.0,High,Increase route optimization and dispatch monitoring
2024-05-02,997,73.5456369107322,72.0,9.13531594784353,4.614543630892678,11.674022066198596,None,False,Jam,Sandstorms,1.003,,,,,,,,,,,,,,,Good,,,,,,5.0,Medium,Increase route optimization and dispatch monitoring
2024-05-03,1152,77.45399305555556,75.0,9.156770833333333,4.617881944444445,11.741319444444445,None,False,Jam,Sandstorms,1.159,,,,,,,,,,,,,,,Good,,,,,,6.0,Medium,Increase route optimization and dispatch monitoring
2024-05-04,1067,73.9240862230553,72.0,8.77382380506092,4.63186504217432,11.717900656044986,None,False,Jam,Stormy,1.073,,,,,,,,,,,,,,,Good,,,,,,6.0,Medium,Increase route optimization and dispatch monitoring
2024-05-05,1019,76.08341511285575,73.0,9.2342492639843,4.640333660451423,11.98233562315996,None,False,Jam,Windy,1.025,,,,,,,,,,,,,,,Good,,,,,,6.0,Medium,Increase route optimization and dispatch monitoring
2024-05-06,1084,74.0359778597786,71.5,8.648588560885608,4.632380073800738,11.518450184501845,None,False,Jam,Sandstorms,1.091,,,,,,,,,,,,,,,Good,,,,,,5.0,Medium,Increase route optimization and dispatch monitoring
2024-05-07,887,70.2750845546787,69.0,8.628940248027057,4.623900789177001,11.835400225479143,None,False,Jam,Stormy,0.8920000000000001,,,,,,,,,,,,,,,Good,,,,,,6.0,Medium,Increase route optimization and dispatch monitoring
2024-05-08,987,73.4224924012158,71.0,8.969888551165148,4.617831813576495,11.78419452887538,None,False,Jam,Cloudy,0.993,,,,,,,,,,,,,,,Good,,,,,,6.0,Medium,Increase route optimization and dispatch monitoring
2024-05-09,908,73.49779735682819,71.0,9.131982378854625,4.617400881057269,11.954845814977974,None,False,Jam,Fog,0.913,,,,,,,,,,,,,,,Good,,,,,,6.0,Medium,Increase route optimization and dispatch monitoring
2024-05-10,1008,74.53373015873017,73.0,8.881607142857142,4.61686507936508,11.693452380952381,None,False,Jam,Fog,1.014,,,,,,,,,,,,,,,Good,,,,,,6.0,Medium,Increase route optimization and dispatch monitoring
2024-05-11,890,70.23033707865169,70.0,8.574292134831461,4.625730337078651,11.820224719101123,None,False,Jam,Sandstorms,0.8950000000000001,,,,,,,,,,,,,,,Good,,,,,,5.0,Medium,Increase route optimization and dispatch monitoring
2024-05-12,1042,74.29654510556622,72.0,8.737322456813821,4.619673704414587,11.687140115163148,None,False,Jam,Cloudy,1.048,,,,,,,,,,,,,,,Good,,,,,,6.0,Medium,Increase route optimization and dispatch monitoring
2024-05-13,954,71.82809224318659,69.0,8.68284067085954,4.619182389937107,11.533542976939204,None,False,Jam,Cloudy,0.96,,,,,,,,,,,,,,,Good,,,,,,6.0,Medium,Increase route optimization and dispatch monitoring
2024-05-14,866,70.63972286374134,69.5,9.04785219399538,4.6315242494226325,11.681293302540416,None,False,Low,Sandstorms,0.8709999999999999,,,,,,,,,,,,,,,Good,,,,,,3.0,Low,Operations performing within expected range
2024-05-15,957,73.87669801462904,72.0,9.025203761755487,4.620480668756531,11.962382445141065,None,False,Jam,Windy,0.963,,,,,,,,,,,,,,,Good,,,,,,5.0,Medium,Increase route optimization and dispatch monitoring
2024-05-16,1006,75.18986083499006,72.0,9.093131212723659,4.619284294234593,11.921471172962226,None,False,Jam,Fog,1.012,,,,,,,,,,,,,,,Good,,,,,,7.0,High,Increase route optimization and dispatch monitoring
2024-05-17,1111,76.82448244824482,74.0,9.132403240324033,4.617731773177318,11.983798379837983,None,False,Jam,Cloudy,1.118,,,,,,,,,,,,,,,Good,,,,,,7.0,High,Increase route optimization and dispatch monitoring
2024-05-18,1162,78.8132530120482,76.0,9.429810671256455,4.611359724612736,11.755593803786574,None,False,Jam,Cloudy,1.169,,,,,,,,,,,,,,,Good,,,,,,7.0,High,Increase route optimization and dispatch monitoring
2024-05-19,1190,77.63529411764706,75.0,8.768915966386555,4.615798319327731,12.061344537815126,None,False,Jam,Stormy,1.197,,,,,,,,,,,,,,,Good,,,,,,7.0,High,Increase route optimization and dispatch monitoring
2024-05-20,1004,73.51892430278885,71.5,9.175597609561752,4.611653386454184,11.52390438247012,None,False,Low,Fog,1.01,,,,,,,,,,,,,,,Good,,,,,,4.0,Medium,Operations performing within expected range
2024-05-21,905,72.20441988950276,69.0,8.975226519337017,4.6343646408839785,11.571270718232045,None,False,Jam,Cloudy,0.91,,,,,,,,,,,,,,,Good,,,,,,6.0,Medium,Increase route optimization and dispatch monitoring
2024-05-22,864,71.30208333333333,68.5,9.002858796296296,4.6350694444444445,11.86574074074074,None,False,Jam,Sandstorms,0.869,,,,,,,,,,,,,,,Good,,,,,,5.0,Medium,Increase route optimization and dispatch monitoring
2024-05-23,1003,73.89830508474576,71.0,8.909591226321037,4.62382851445663,11.80259222333001,None,False,Jam,Windy,1.009,,,,,,,,,,,,,,,Good,,,,,,5.0,Medium,Increase route optimization and dispatch monitoring
2024-05-24,974,72.31519507186859,71.0,8.949147843942505,4.625256673511293,11.421971252566735,None,False,Low,Sunny,0.98,,,,,,,,,,,,,,,Good,,,,,,3.0,Low,Operations performing within expected range
2024-05-25,969,71.91640866873065,69.0,8.58876160990712,4.621568627450981,11.594427244582043,None,False,Jam,Sandstorms,0.975,,,,,,,,,,,,,,,Good,,,,,,5.0,Medium,Increase route optimization and dispatch monitoring
2024-05-26,944,73.5042372881356,71.0,8.95156779661017,4.624152542372881,11.94385593220339,None,False,Jam,Windy,0.95,,,,,,,,,,,,,,,Good,,,,,,5.0,Medium,Increase route optimization and dispatch monitoring
2024-05-27,962,73.506237006237,71.0,9.05141372141372,4.6116424116424115,11.630977130977131,None,False,Jam,Cloudy,0.968,,,,,,,,,,,,,,,Good,,,,,,6.0,Medium,Increase route optimization and dispatch monitoring
2024-05-28,1067,75.73945641986879,74.0,9.087029053420807,4.623055295220244,11.742268041237113,None,False,Jam,Fog,1.073,,,,,,,,,,,,,,,Good,,,,,,7.0,High,Increase route optimization and dispatch monitoring
2024-05-29,1056,74.78030303030303,72.0,9.002320075757577,4.625473484848484,11.910037878787879,None,False,Jam,Sandstorms,1.062,,,,,,,,,,,,,,,Good,,,,,,5.0,Medium,Increase route optimization and dispatch monitoring
2024-05-30,970,73.32886597938145,72.0,8.875041237113402,4.621649484536082,12.084536082474227,None,False,Jam,Sandstorms,0.976,,,,,,,,,,,,,,,Good,,,,,,5.0,Medium,Increase route optimization and dispatch monitoring
2024-05-31,957,73.90282131661442,72.0,9.18889237199582,4.630094043887147,11.796238244514107,None,False,Jam,Cloudy,0.963,,,,,,,,,,,,,,,Good,,,,,,6.0,Medium,Increase route optimization and dispatch monitoring
2024-06-01,834,75.83453237410072,72.0,9.077529976019184,4.620263788968825,13.529976019184652,None,True,Jam,Cloudy,0.839,,,,,,,,,,,,,,,Good,,,,,,8.0,High,Increase route optimization and dispatch monitoring | Prepare monsoon contingency capacity
2024-06-02,917,76.01526717557252,74.0,8.788320610687023,4.633042529989095,13.744820065430753,None,True,Low,Cloudy,0.923,,,,,,,,,,,,,,,Good,,,,,,6.0,Medium,Prepare monsoon contingency capacity
2024-06-03,932,75.99248927038627,72.0,8.73422746781116,4.603111587982833,13.82832618025751,None,True,Jam,Stormy,0.9379999999999998,,,,,,,,,,,,,,,Good,,,,,,8.0,High,Increase route optimization and dispatch monitoring | Prepare monsoon contingency capacity
2024-06-04,1078,79.77179962894249,75.0,9.0839146567718,4.630148423005566,13.436920222634509,None,True,Low,Cloudy,1.085,,,,,,,,,,,,,,,Good,,,,,,6.0,Medium,Prepare monsoon contingency capacity
2024-06-05,1013,80.71569595261599,78.0,9.299308983218165,4.6166831194471865,13.909180651530109,None,True,Jam,Fog,1.019,,,,,,,,,,,,,,,Warning,,,,,,8.0,High,Increase route optimization and dispatch monitoring | Prepare monsoon contingency capacity
2024-06-06,1019,79.12953876349363,76.0,8.825819430814525,4.621491658488715,13.894995093228655,None,True,Jam,Stormy,1.025,,,,,,,,,,,,,,,Good,,,,,,8.0,High,Increase route optimization and dispatch monitoring | Prepare monsoon contingency capacity
2024-06-07,963,78.14953271028037,75.0,8.973769470404985,4.636137071651091,13.671858774662512,None,True,Jam,Cloudy,0.969,,,,,,,,,,,,,,,Good,,,,,,8.0,High,Increase route optimization and dispatch monitoring | Prepare monsoon contingency capacity
2024-06-08,873,75.65292096219932,73.0,9.120481099656358,4.62348224513173,13.90950744558992,None,True,Jam,Stormy,0.878,,,,,,,,,,,,,,,Good,,,,,,8.0,High,Increase route optimization and dispatch monitoring | Prepare monsoon contingency capacity
2024-06-09,882,77.08730158730158,74.0,8.94701814058957,4.6138321995464855,13.820861678004535,None,True,Jam,Stormy,0.8870000000000001,,,,,,,,,,,,,,,Good,,,,,,8.0,High,Increase route optimization and dispatch monitoring | Prepare monsoon contingency capacity
2024-06-10,882,76.07369614512471,74.0,8.896337868480725,4.627324263038549,13.706349206349206,None,True,Jam,Stormy,0.8870000000000001,,,,,,,,,,,,,,,Good,,,,,,8.0,High,Increase route optimization and dispatch monitoring | Prepare monsoon contingency capacity
2024-06-11,1107,81.323396567299,79.0,9.3379945799458,4.62583559168925,13.62330623306233,None,True,Jam,Cloudy,1.114,,,,,,,,,,,,,,,Warning,,,,,,8.0,High,Increase route optimization and dispatch monitoring | Prepare monsoon contingency capacity
2024-06-12,938,77.30383795309169,75.0,8.66869936034115,4.617164179104477,13.828358208955224,None,True,Jam,Stormy,0.944,,,,,,,,,,,,,,,Good,,,,,,8.0,High,Increase route optimization and dispatch monitoring | Prepare monsoon contingency capacity
2024-06-13,1010,79.02178217821782,77.0,9.065178217821781,4.616633663366337,13.588118811881188,None,True,Jam,Stormy,1.016,,,,,,,,,,,,,,,Good,,,,,,8.0,High,Increase route optimization and dispatch monitoring | Prepare monsoon contingency capacity
2024-06-14,931,77.43071965628357,74.0,8.95810955961332,4.626208378088077,13.934479054779807,None,True,Jam,Stormy,0.937,,,,,,,,,,,,,,,Good,,,,,,8.0,High,Increase route optimization and dispatch monitoring | Prepare monsoon contingency capacity
2024-06-15,1037,80.74445515911283,78.0,8.958273866923818,4.615332690453231,13.919961427193828,None,True,Jam,Cloudy,1.043,,,,,,,,,,,,,,,Warning,,,,,,8.0,High,Increase route optimization and dispatch monitoring | Prepare monsoon contingency capacity
2024-06-16,985,77.96243654822335,77.0,8.787837563451777,4.634111675126904,13.770558375634518,None,True,Jam,Stormy,0.991,,,,,,,,,,,,,,,Good,,,,,,8.0,High,Increase route optimization and dispatch monitoring | Prepare monsoon contingency capacity
2024-06-17,925,77.69405405405405,75.0,9.321113513513515,4.635135135135135,13.631351351351352,None,True,Jam,Cloudy,0.931,,,,,,,,,,,,,,,Good,,,,,,8.0,High,Increase route optimization and dispatch monitoring | Prepare monsoon contingency capacity
2024-06-18,943,77.15164369034994,75.0,8.710710498409332,4.629162248144221,13.961823966065747,None,True,Jam,Cloudy,0.949,,,,,,,,,,,,,,,Good,,,,,,8.0,High,Increase route optimization and dispatch monitoring | Prepare monsoon contingency capacity
2024-06-19,951,77.49526813880126,74.0,9.016161934805469,4.6235541535226075,13.794952681388013,None,True,Jam,Stormy,0.957,,,,,,,,,,,,,,,Good,,,,,,8.0,High,Increase route optimization and dispatch monitoring | Prepare monsoon contingency capacity
2024-06-20,981,79.85626911314985,77.0,9.10585117227319,4.623139653414883,14.00203873598369,None,True,Jam,Cloudy,0.987,,,,,,,,,,,,,,,Good,,,,,,8.0,High,Increase route optimization and dispatch monitoring | Prepare monsoon contingency capacity
2024-06-21,967,77.10858324715615,76.0,8.920744570837643,4.620992761116856,13.651499482936918,None,True,Low,Windy,0.973,,,,,,,,,,,,,,,Good,,,,,,5.0,Medium,Prepare monsoon contingency capacity
2024-06-22,871,74.59931113662456,72.0,8.744649827784157,4.625143513203215,13.727898966704936,None,True,Low,Stormy,0.876,,,,,,,,,,,,,,,Good,,,,,,5.0,Medium,Prepare monsoon contingency capacity
2024-06-23,859,75.88125727590221,74.0,9.129452852153667,4.625844004656577,13.646100116414436,None,True,Low,Stormy,0.8640000000000001,,,,,,,,,,,,,,,Good,,,,,,6.0,Medium,Prepare monsoon contingency capacity
2024-06-24,950,77.92,75.0,8.77222105263158,4.619684210526316,13.769473684210526,None,True,Jam,Stormy,0.956,,,,,,,,,,,,,,,Good,,,,,,8.0,High,Increase route optimization and dispatch monitoring | Prepare monsoon contingency capacity
2024-06-25,1067,79.64479850046861,77.0,9.074620431115278,4.617994376757263,13.742268041237113,None,True,Jam,Stormy,1.073,,,,,,,,,,,,,,,Good,,,,,,8.0,High,Increase route optimization and dispatch monitoring | Prepare monsoon contingency capacity
2024-06-26,1018,79.14243614931237,77.0,8.827563850687621,4.630746561886052,14.024557956777995,None,True,Jam,Stormy,1.024,,,,,,,,,,,,,,,Good,,,,,,8.0,High,Increase route optimization and dispatch monitoring | Prepare monsoon contingency capacity
2024-06-27,939,77.66986155484558,75.0,9.104419595314162,4.613631522896698,13.753993610223642,None,True,Jam,Stormy,0.945,,,,,,,,,,,,,,,Good,,,,,,8.0,High,Increase route optimization and dispatch monitoring | Prepare monsoon contingency capacity
2024-06-28,1028,78.46498054474708,77.0,8.866896887159534,4.625972762645914,13.69260700389105,None,True,Jam,Stormy,1.034,,,,,,,,,,,,,,,Good,,,,,,8.0,High,Increase route optimization and dispatch monitoring | Prepare monsoon contingency capacity
2024-06-29,1068,81.26498127340824,78.0,8.964794007490637,4.618820224719101,13.845505617977528,None,True,Jam,Stormy,1.074,,,,,,,,,,,,,,,Warning,,,,,,8.0,High,Increase route optimization and dispatch monitoring | Prepare monsoon contingency capacity
2024-06-30,974,78.82546201232033,76.0,8.930338809034907,4.619815195071868,13.639630390143736,None,True,Jam,Fog,0.98,,,,,,,,,,,,,,,Good,,,,,,8.0,High,Increase route optimization and dispatch monitoring | Prepare monsoon contingency capacity
2024-07-01,888,76.56531531531532,74.0,8.792646396396396,4.625,13.878378378378379,None,True,Jam,Stormy,0.893,,,,,,,,,,,,,,,Good,,,,,,8.0,High,Increase route optimization and dispatch monitoring | Prepare monsoon contingency capacity
2024-07-02,1011,78.71612265084075,76.0,8.754124629080119,4.628288822947576,13.980217606330365,None,True,Jam,Cloudy,1.017,,,,,,,,,,,,,,,Good,,,,,,8.0,High,Increase route optimization and dispatch monitoring | Prepare monsoon contingency capacity
2024-07-03,1019,78.64082433758587,76.0,8.328420019627085,4.605986261040235,13.405299313052012,None,True,Jam,Cloudy,1.025,,,,,,,,,,,,,,,Good,,,,,,8.0,High,Increase route optimization and dispatch monitoring | Prepare monsoon contingency capacity
2024-07-04,1043,79.76030680728667,78.0,8.939616490891659,4.62607861936721,13.999041227229148,None,True,Jam,Stormy,1.049,,,,,,,,,,,,,,,Good,,,,,,8.0,High,Increase route optimization and dispatch monitoring | Prepare monsoon contingency capacity
2024-07-05,999,79.1971971971972,77.0,9.1397997997998,4.632232232232233,13.805805805805806,None,True,Jam,Cloudy,1.005,,,,,,,,,,,,,,,Good,,,,,,8.0,High,Increase route optimization and dispatch monitoring | Prepare monsoon contingency capacity
2024-07-06,855,76.38947368421053,74.0,8.8066783625731,4.633918128654971,13.723976608187135,None,True,Jam,Cloudy,0.86,,,,,,,,,,,,,,,Good,,,,,,8.0,High,Increase route optimization and dispatch monitoring | Prepare monsoon contingency capacity
2024-07-07,835,74.92934131736527,72.0,8.82082634730539,4.622395209580838,13.619161676646707,None,True,Low,Cloudy,0.84,,,,,,,,,,,,,,,Good,,,,,,5.0,Medium,Prepare monsoon contingency capacity
2024-07-08,1042,79.08157389635316,77.0,8.69672744721689,4.61362763915547,13.949136276391554,None,True,Jam,Stormy,1.048,,,,,,,,,,,,,,,Good,,,,,,8.0,High,Increase route optimization and dispatch monitoring | Prepare monsoon contingency capacity
2024-07-09,1057,79.34153263954589,77.0,8.813462630085146,4.627625354777672,13.871333964049196,None,True,Jam,Cloudy,1.063,,,,,,,,,,,,,,,Good,,,,,,8.0,High,Increase route optimization and dispatch monitoring | Prepare monsoon contingency capacity
2024-07-10,971,78.43975283213182,76.0,8.824994850669412,4.622657054582905,13.787847579814624,None,True,Jam,Cloudy,0.977,,,,,,,,,,,,,,,Good,,,,,,8.0,High,Increase route optimization and dispatch monitoring | Prepare monsoon contingency capacity
2024-07-11,901,74.30188679245283,72.0,8.441975582685904,4.631187569367369,13.691453940066593,None,True,Low,Stormy,0.906,,,,,,,,,,,,,,,Good,,,,,,5.0,Medium,Prepare monsoon contingency capacity
2024-07-12,1101,82.19709355131698,80.0,8.786421435059038,4.618074477747502,14.115349682107174,None,True,Jam,Stormy,1.108,,,,,,,,,,,,,,,Warning,,,,,,8.0,High,Increase route optimization and dispatch monitoring | Prepare monsoon contingency capacity
2024-07-13,864,75.14120370370371,73.0,8.80707175925926,4.610648148148148,13.809027777777779,None,True,Jam,Fog,0.869,,,,,,,,,,,,,,,Good,,,,,,8.0,High,Increase route optimization and dispatch monitoring | Prepare monsoon contingency capacity
2024-07-14,872,76.12729357798165,73.0,9.030756880733945,4.624311926605505,13.654816513761467,None,True,Jam,Stormy,0.877,,,,,,,,,,,,,,,Good,,,,,,8.0,High,Increase route optimization and dispatch monitoring | Prepare monsoon contingency capacity
2024-07-15,967,79.27507755946226,77.0,9.047166494312307,4.618510858324716,14.10651499482937,None,True,Jam,Stormy,0.973,,,,,,,,,,,,,,,Good,,,,,,8.0,High,Increase route optimization and dispatch monitoring | Prepare monsoon contingency capacity
2024-07-16,901,77.01997780244173,73.0,9.066981132075473,4.6192008879023305,13.726970033296338,None,True,Jam,Cloudy,0.906,,,,,,,,,,,,,,,Good,,,,,,8.0,High,Increase route optimization and dispatch monitoring | Prepare monsoon contingency capacity
2024-07-17,986,78.2920892494929,75.0,8.94632860040568,4.618255578093307,13.417849898580121,None,True,Low,Cloudy,0.992,,,,,,,,,,,,,,,Good,,,,,,6.0,Medium,Prepare monsoon contingency capacity
2024-07-18,918,76.59912854030502,75.0,9.014139433551199,4.616993464052287,13.519607843137255,None,True,Jam,Cloudy,0.924,,,,,,,,,,,,,,,Good,,,,,,8.0,High,Increase route optimization and dispatch monitoring | Prepare monsoon contingency capacity
2024-07-19,1014,78.28205128205128,76.0,8.806183431952663,4.625246548323472,13.918145956607495,None,True,Jam,Stormy,1.02,,,,,,,,,,,,,,,Good,,,,,,8.0,High,Increase route optimization and dispatch monitoring | Prepare monsoon contingency capacity
2024-07-20,1056,80.51231060606061,77.0,9.056912878787879,4.621875,13.911931818181818,None,True,Jam,Cloudy,1.062,,,,,,,,,,,,,,,Warning,,,,,,8.0,High,Increase route optimization and dispatch monitoring | Prepare monsoon contingency capacity
2024-07-21,946,77.68076109936575,76.0,8.863826638477802,4.626427061310783,13.957716701902749,None,True,Jam,Stormy,0.952,,,,,,,,,,,,,,,Good,,,,,,8.0,High,Increase route optimization and dispatch monitoring | Prepare monsoon contingency capacity
2024-07-22,968,78.93285123966942,76.0,9.137572314049587,4.633161157024793,13.90805785123967,None,True,Jam,Stormy,0.974,,,,,,,,,,,,,,,Good,,,,,,8.0,High,Increase route optimization and dispatch monitoring | Prepare monsoon contingency capacity
2024-07-23,778,76.41131105398458,73.0,9.299331619537275,4.613110539845758,13.87789203084833,None,True,Jam,Cloudy,0.7829999999999999,,,,,,,,,,,,,,,Good,,,,,,8.0,High,Increase route optimization and dispatch monitoring | Prepare monsoon contingency capacity
2024-07-24,983,78.57477110885046,76.0,8.808687690742625,4.6201424211597155,13.817904374364192,None,True,Jam,Cloudy,0.989,,,,,,,,,,,,,,,Good,,,,,,8.0,High,Increase route optimization and dispatch monitoring | Prepare monsoon contingency capacity
2024-07-25,868,76.07027649769586,74.0,8.839642857142858,4.622004608294931,13.77995391705069,None,True,Jam,Stormy,0.873,,,,,,,,,,,,,,,Good,,,,,,8.0,High,Increase route optimization and dispatch monitoring | Prepare monsoon contingency capacity
2024-07-26,891,75.94163860830527,72.0,9.215690235690236,4.6276094276094275,13.69023569023569,None,True,Low,Stormy,0.896,,,,,,,,,,,,,,,Good,,,,,,6.0,Medium,Prepare monsoon contingency capacity
2024-07-27,884,76.36877828054298,75.0,8.962816742081449,4.632239819004525,14.082579185520363,None,True,Jam,Stormy,0.889,,,,,,,,,,,,,,,Good,,,,,,8.0,High,Increase route optimization and dispatch monitoring | Prepare monsoon contingency capacity
2024-07-28,915,77.03606557377049,75.0,8.890021857923497,4.60448087431694,13.817486338797814,None,True,Jam,Stormy,0.921,,,,,,,,,,,,,,,Good,,,,,,8.0,High,Increase route optimization and dispatch monitoring | Prepare monsoon contingency capacity
2024-07-29,990,79.0080808080808,77.0,8.954252525252524,4.623535353535353,13.718181818181819,None,True,Jam,Stormy,0.996,,,,,,,,,,,,,,,Good,,,,,,8.0,High,Increase route optimization and dispatch monitoring | Prepare monsoon contingency capacity
2024-07-30,833,75.13565426170469,73.0,9.044465786314525,4.601800720288115,13.4921968787515,None,True,Jam,Stormy,0.838,,,,,,,,,,,,,,,Good,,,,,,8.0,High,Increase route optimization and dispatch monitoring | Prepare monsoon contingency capacity
2024-07-31,991,77.57820383451059,76.0,8.618294651866801,4.618970736629667,13.470232088799193,None,True,Jam,Cloudy,0.997,,,,,,,,,,,,,,,Good,,,,,,8.0,High,Increase route optimization and dispatch monitoring | Prepare monsoon contingency capacity
2024-08-01,905,77.44088397790055,76.0,8.947767955801105,4.619558011049723,13.937016574585636,None,True,Jam,Cloudy,0.91,,,,,,,,,,,,,,,Good,,,,,,8.0,High,Increase route optimization and dispatch monitoring | Prepare monsoon contingency capacity
2024-08-02,972,78.31481481481481,76.0,8.881615226337448,4.629115226337449,13.935185185185185,None,True,Jam,Cloudy,0.978,,,,,,,,,,,,,,,Good,,,,,,8.0,High,Increase route optimization and dispatch monitoring | Prepare monsoon contingency capacity
2024-08-03,1038,79.09537572254335,76.0,8.998872832369942,4.628805394990366,13.776493256262043,None,True,Jam,Stormy,1.044,,,,,,,,,,,,,,,Good,,,,,,8.0,High,Increase route optimization and dispatch monitoring | Prepare monsoon contingency capacity
2024-08-04,992,78.86189516129032,75.0,8.864989919354839,4.625604838709678,14.035282258064516,None,True,Jam,Stormy,0.998,,,,,,,,,,,,,,,Good,,,,,,8.0,High,Increase route optimization and dispatch monitoring | Prepare monsoon contingency capacity
2024-08-05,1032,79.59205426356588,77.0,9.001104651162791,4.625096899224807,13.738372093023257,None,True,Jam,Cloudy,1.038,,,,,,,,,,,,,,,Good,,,,,,8.0,High,Increase route optimization and dispatch monitoring | Prepare monsoon contingency capacity
2024-08-06,930,77.71505376344086,75.0,8.868215053763441,4.623870967741936,14.098924731182796,None,True,Jam,Stormy,0.936,,,,,,,,,,,,,,,Good,,,,,,8.0,High,Increase route optimization and dispatch monitoring | Prepare monsoon contingency capacity
2024-08-07,943,77.29798515376459,73.0,8.825811240721103,4.616224814422058,13.835630965005302,None,True,Jam,Cloudy,0.949,,,,,,,,,,,,,,,Good,,,,,,8.0,High,Increase route optimization and dispatch monitoring | Prepare monsoon contingency capacity
2024-08-08,925,75.66918918918918,72.0,8.906929729729729,4.628324324324324,13.575135135135135,None,True,Jam,Stormy,0.931,,,,,,,,,,,,,,,Good,,,,,,8.0,High,Increase route optimization and dispatch monitoring | Prepare monsoon contingency capacity
2024-08-09,1019,78.85574092247302,78.0,8.714043179587831,4.620804710500491,13.729146221786065,None,True,Jam,Cloudy,1.025,,,,,,,,,,,,,,,Good,,,,,,8.0,High,Increase route optimization and dispatch monitoring | Prepare monsoon contingency capacity
2024-08-10,975,78.0625641025641,76.0,9.038174358974358,4.620410256410256,13.86974358974359,None,True,Jam,Stormy,0.981,,,,,,,,,,,,,,,Good,,,,,,8.0,High,Increase route optimization and dispatch monitoring | Prepare monsoon contingency capacity
2024-08-11,869,75.68814729574223,73.0,8.793475258918297,4.62313003452244,13.548906789413119,None,True,Low,Cloudy,0.874,,,,,,,,,,,,,,,Good,,,,,,6.0,Medium,Prepare monsoon contingency capacity
2024-08-12,940,78.8,75.0,9.272851063829787,4.62031914893617,13.65531914893617,None,True,Jam,Cloudy,0.9460000000000001,,,,,,,,,,,,,,,Good,,,,,,8.0,High,Increase route optimization and dispatch monitoring | Prepare monsoon contingency capacity
2024-08-13,960,77.27291666666666,75.0,8.693999999999999,4.609791666666666,13.738541666666666,None,True,Jam,Stormy,0.966,,,,,,,,,,,,,,,Good,,,,,,8.0,High,Increase route optimization and dispatch monitoring | Prepare monsoon contingency capacity
2024-08-14,1200,82.2225,79.0,8.691408333333333,4.6105,13.838333333333333,None,True,Jam,Cloudy,1.207,,,,,,,,,,,,,,,Warning,,,,,,8.0,High,Increase route optimization and dispatch monitoring | Prepare monsoon contingency capacity
2024-08-15,1084,80.2380073800738,77.0,8.912739852398524,4.628505535055351,13.895756457564575,None,True,Jam,Cloudy,1.091,,,,,,,,,,,,,,,Warning,,,,,,8.0,High,Increase route optimization and dispatch monitoring | Prepare monsoon contingency capacity
2024-08-16,932,76.37553648068669,74.0,8.812070815450644,4.612875536480686,13.715665236051501,None,True,Low,Cloudy,0.9379999999999998,,,,,,,,,,,,,,,Good,,,,,,6.0,Medium,Prepare monsoon contingency capacity
2024-08-17,1081,81.4199814986124,77.0,9.407419056429232,4.62368177613321,13.5790934320074,Raksha Bandhan,True,Jam,Cloudy,1.088,,,,,,,,,,,,,,,Warning,,,,,,9.0,High,Increase route optimization and dispatch monitoring | Prepare monsoon contingency capacity | Increase staffing for Raksha Bandhan demand
2024-08-18,967,77.63391933815926,75.0,8.74976215098242,4.613753877973113,13.840744570837643,Raksha Bandhan,True,Jam,Stormy,0.973,,,,,,,,,,,,,,,Good,,,,,,9.0,High,Increase route optimization and dispatch monitoring | Prepare monsoon contingency capacity | Increase staffing for Raksha Bandhan demand
2024-08-19,1022,79.1105675146771,76.0,9.041800391389431,4.624755381604697,13.694716242661448,Raksha Bandhan,True,Jam,Cloudy,1.028,,,,,,,,,,,,,,,Good,,,,,,9.0,High,Increase route optimization and dispatch monitoring | Prepare monsoon contingency capacity | Increase staffing for Raksha Bandhan demand
2024-08-20,1112,81.39478417266187,79.0,8.839136690647482,4.62976618705036,14.098920863309353,Raksha Bandhan,True,Jam,Stormy,1.119,,,,,,,,,,,,,,,Warning,,,,,,9.0,High,Increase route optimization and dispatch monitoring | Prepare monsoon contingency capacity | Increase staffing for Raksha Bandhan demand
2024-08-21,1097,82.35186873290793,79.0,9.067629899726528,4.640838650865998,14.071103008204194,None,True,Jam,Cloudy,1.104,,,,,,,,,,,,,,,Warning,,,,,,8.0,High,Increase route optimization and dispatch monitoring | Prepare monsoon contingency capacity
2024-08-22,888,76.12387387387388,73.0,8.845056306306306,4.629391891891891,13.745495495495495,None,True,Jam,Cloudy,0.893,,,,,,,,,,,,,,,Good,,,,,,8.0,High,Increase route optimization and dispatch monitoring | Prepare monsoon contingency capacity
2024-08-23,948,76.87447257383967,75.0,8.846666666666666,4.617932489451477,13.798523206751055,None,True,Jam,Cloudy,0.954,,,,,,,,,,,,,,,Good,,,,,,8.0,High,Increase route optimization and dispatch monitoring | Prepare monsoon contingency capacity
2024-08-24,797,75.01129234629862,74.0,8.670664993726476,4.619196988707654,13.68883312421581,None,True,Low,Cloudy,0.802,,,,,,,,,,,,,,,Good,,,,,,6.0,Medium,Prepare monsoon contingency capacity
2024-08-25,940,77.1468085106383,75.0,8.949914893617022,4.63031914893617,13.74468085106383,None,True,Jam,Sandstorms,0.9460000000000001,,,,,,,,,,,,,,,Good,,,,,,7.0,High,Increase route optimization and dispatch monitoring | Prepare monsoon contingency capacity
2024-08-26,855,74.71461988304094,72.0,8.78612865497076,4.623508771929824,13.470175438596492,None,True,Low,Cloudy,0.86,,,,,,,,,,,,,,,Good,,,,,,5.0,Medium,Prepare monsoon contingency capacity
2024-08-27,904,76.20796460176992,74.0,8.84900442477876,4.629646017699115,13.950221238938052,None,True,Jam,Stormy,0.909,,,,,,,,,,,,,,,Good,,,,,,8.0,High,Increase route optimization and dispatch monitoring | Prepare monsoon contingency capacity
2024-08-28,931,78.35660580021482,77.0,8.801825993555317,4.621911922663802,13.696025778732546,None,True,Jam,Cloudy,0.937,,,,,,,,,,,,,,,Good,,,,,,8.0,High,Increase route optimization and dispatch monitoring | Prepare monsoon contingency capacity
2024-08-29,937,75.72358591248666,74.0,8.506403415154749,4.623692636072572,13.754535752401281,None,True,Jam,Cloudy,0.9430000000000001,,,,,,,,,,,,,,,Good,,,,,,8.0,High,Increase route optimization and dispatch monitoring | Prepare monsoon contingency capacity
2024-08-30,860,75.36744186046512,73.0,9.346,4.63046511627907,13.734883720930233,None,True,Jam,Cloudy,0.865,,,,,,,,,,,,,,,Good,,,,,,8.0,High,Increase route optimization and dispatch monitoring | Prepare monsoon contingency capacity
2024-08-31,850,75.67764705882352,73.0,8.914682352941176,4.6234117647058826,13.795294117647058,None,True,Jam,Fog,0.855,,,,,,,,,,,,,,,Good,,,,,,8.0,High,Increase route optimization and dispatch monitoring | Prepare monsoon contingency capacity
2024-09-01,1151,83.47350130321459,81.0,9.206759339704604,4.628496959165942,14.050390964378801,None,True,Jam,Stormy,1.158,,,,,,,,,,,,,,,Warning,,,,,,8.0,High,Increase route optimization and dispatch monitoring | Prepare monsoon contingency capacity
2024-09-02,864,76.8425925925926,75.0,9.070752314814815,4.604976851851852,13.88425925925926,None,True,Jam,Cloudy,0.869,,,,,,,,,,,,,,,Good,,,,,,8.0,High,Increase route optimization and dispatch monitoring | Prepare monsoon contingency capacity
2024-09-03,888,77.00225225225225,75.0,9.229301801801803,4.600563063063063,13.65990990990991,None,True,Low,Stormy,0.893,,,,,,,,,,,,,,,Good,,,,,,6.0,Medium,Prepare monsoon contingency capacity
2024-09-04,1184,83.20608108108108,81.0,8.915785472972974,4.626097972972973,14.162162162162161,None,True,Jam,Stormy,1.191,,,,,,,,,,,,,,,Warning,,,,,,8.0,High,Increase route optimization and dispatch monitoring | Prepare monsoon contingency capacity
2024-09-05,1169,82.07271171941831,80.0,9.164063301967495,4.621385799828913,13.780153977758768,None,True,Jam,Stormy,1.176,,,,,,,,,,,,,,,Warning,,,,,,8.0,High,Increase route optimization and dispatch monitoring | Prepare monsoon contingency capacity
2024-09-06,937,76.67876200640342,76.0,8.451163287086446,4.623692636072572,13.672358591248665,None,True,Jam,Windy,0.9430000000000001,,,,,,,,,,,,,,,Good,,,,,,7.0,High,Increase route optimization and dispatch monitoring | Prepare monsoon contingency capacity
2024-09-07,965,79.39896373056995,76.0,8.956549222797927,4.62880829015544,13.917098445595855,None,True,Jam,Cloudy,0.971,,,,,,,,,,,,,,,Good,,,,,,8.0,High,Increase route optimization and dispatch monitoring | Prepare monsoon contingency capacity
2024-09-08,1011,78.973293768546,76.0,8.917725024727991,4.61730959446093,13.92482690405539,None,True,Jam,Stormy,1.017,,,,,,,,,,,,,,,Good,,,,,,8.0,High,Increase route optimization and dispatch monitoring | Prepare monsoon contingency capacity
2024-09-09,1098,81.26138433515483,78.5,8.80528233151184,4.6245901639344265,13.970856102003642,None,True,Jam,Stormy,1.105,,,,,,,,,,,,,,,Warning,,,,,,8.0,High,Increase route optimization and dispatch monitoring | Prepare monsoon contingency capacity
2024-09-10,897,74.46376811594203,72.0,8.360557413600892,4.617948717948718,13.803790412486064,None,True,Jam,Stormy,0.902,,,,,,,,,,,,,,,Good,,,,,,7.0,High,Increase route optimization and dispatch monitoring | Prepare monsoon contingency capacity
2024-09-11,1014,79.97140039447731,78.0,8.880966469428007,4.613510848126233,13.953648915187376,None,True,Jam,Cloudy,1.02,,,,,,,,,,,,,,,Good,,,,,,8.0,High,Increase route optimization and dispatch monitoring | Prepare monsoon contingency capacity
2024-09-12,1035,79.05314009661836,76.0,8.853062801932367,4.616135265700483,13.492753623188406,None,True,Jam,Stormy,1.041,,,,,,,,,,,,,,,Good,,,,,,8.0,High,Increase route optimization and dispatch monitoring | Prepare monsoon contingency capacity
2024-09-13,1070,81.6355140186916,79.0,9.203635514018691,4.607102803738318,13.85140186915888,None,True,Jam,Stormy,1.076,,,,,,,,,,,,,,,Warning,,,,,,8.0,High,Increase route optimization and dispatch monitoring | Prepare monsoon contingency capacity
2024-09-14,965,78.61865284974093,77.0,9.026196891191711,4.636476683937824,13.817616580310881,None,True,Jam,Cloudy,0.971,,,,,,,,,,,,,,,Good,,,,,,8.0,High,Increase route optimization and dispatch monitoring | Prepare monsoon contingency capacity
2024-09-15,974,78.24332648870636,77.0,9.388932238193018,4.630903490759754,14.080082135523615,None,True,Jam,Stormy,0.98,,,,,,,,,,,,,,,Good,,,,,,8.0,High,Increase route optimization and dispatch monitoring | Prepare monsoon contingency capacity
2024-09-16,860,75.00232558139535,72.0,8.775825581395349,4.6161627906976745,13.613953488372093,None,True,Jam,Sandstorms,0.865,,,,,,,,,,,,,,,Good,,,,,,7.0,High,Increase route optimization and dispatch monitoring | Prepare monsoon contingency capacity
2024-09-17,957,78.72204806687566,76.0,9.004796238244515,4.628944618599791,13.687565308254964,None,True,Jam,Sandstorms,0.963,,,,,,,,,,,,,,,Good,,,,,,7.0,High,Increase route optimization and dispatch monitoring | Prepare monsoon contingency capacity
2024-09-18,1013,79.39980256663377,78.0,9.029990128331688,4.6329713721618955,13.958538993089832,None,True,Jam,Stormy,1.019,,,,,,,,,,,,,,,Good,,,,,,8.0,High,Increase route optimization and dispatch monitoring | Prepare monsoon contingency capacity
2024-09-19,993,79.20443101711984,76.0,9.071963746223565,4.629506545820745,14.00503524672709,None,True,Jam,Stormy,0.999,,,,,,,,,,,,,,,Good,,,,,,8.0,High,Increase route optimization and dispatch monitoring | Prepare monsoon contingency capacity
2024-09-20,989,78.23862487360971,76.0,8.939251769464105,4.630434782608695,13.592517694641051,None,True,Low,Windy,0.995,,,,,,,,,,,,,,,Good,,,,,,5.0,Medium,Prepare monsoon contingency capacity
2024-09-21,1033,79.3378509196515,77.0,8.867899322362053,4.620038722168442,13.862536302032915,None,True,Jam,Cloudy,1.039,,,,,,,,,,,,,,,Good,,,,,,8.0,High,Increase route optimization and dispatch monitoring | Prepare monsoon contingency capacity
2024-09-22,1066,80.92307692307692,78.0,8.887776735459664,4.62607879924953,13.862101313320826,None,True,Jam,Cloudy,1.072,,,,,,,,,,,,,,,Warning,,,,,,8.0,High,Increase route optimization and dispatch monitoring | Prepare monsoon contingency capacity
2024-09-23,978,77.6922290388548,75.0,8.640654396728015,4.624642126789365,13.60122699386503,None,True,Jam,Sandstorms,0.984,,,,,,,,,,,,,,,Good,,,,,,7.0,High,Increase route optimization and dispatch monitoring | Prepare monsoon contingency capacity
2024-09-24,1003,77.5124626121635,74.0,8.741804586241276,4.619541375872383,13.451645064805584,None,True,Low,Cloudy,1.009,,,,,,,,,,,,,,,Good,,,,,,6.0,Medium,Prepare monsoon contingency capacity
2024-09-25,1040,77.64038461538462,75.5,8.850692307692308,4.627307692307692,13.633653846153846,None,True,Low,Cloudy,1.046,,,,,,,,,,,,,,,Good,,,,,,6.0,Medium,Prepare monsoon contingency capacity
2024-09-26,976,77.82479508196721,76.0,8.851116803278689,4.619364754098361,14.02766393442623,None,True,Jam,Stormy,0.982,,,,,,,,,,,,,,,Good,,,,,,8.0,High,Increase route optimization and dispatch monitoring | Prepare monsoon contingency capacity
2024-09-27,976,76.71209016393442,74.5,8.415645491803279,4.620286885245902,13.698770491803279,None,True,Jam,Stormy,0.982,,,,,,,,,,,,,,,Good,,,,,,8.0,High,Increase route optimization and dispatch monitoring | Prepare monsoon contingency capacity
2024-09-28,1021,78.92066601371205,76.0,8.964191968658179,4.626934378060725,13.84818805093046,None,True,Jam,Stormy,1.027,,,,,,,,,,,,,,,Good,,,,,,8.0,High,Increase route optimization and dispatch monitoring | Prepare monsoon contingency capacity
2024-09-29,979,79.341164453524,77.0,9.234330949948927,4.620020429009193,13.902962206332992,None,True,Jam,Cloudy,0.985,,,,,,,,,,,,,,,Good,,,,,,8.0,High,Increase route optimization and dispatch monitoring | Prepare monsoon contingency capacity
2024-09-30,1128,82.63652482269504,81.0,8.873528368794327,4.62845744680851,14.199468085106384,None,True,Jam,Cloudy,1.135,,,,,,,,,,,,,,,Warning,,,,,,8.0,High,Increase route optimization and dispatch monitoring | Prepare monsoon contingency capacity
2024-10-01,1187,76.94187026116259,74.0,8.750766638584667,4.625695029486099,11.80117944397641,None,False,Jam,Cloudy,1.194,,,,,,,,,,,,,,,Good,,,,,,7.0,High,Increase route optimization and dispatch monitoring
2024-10-02,1153,78.2150910667823,75.0,9.242723330442326,4.605030355594103,12.0,None,False,Jam,Cloudy,1.16,,,,,,,,,,,,,,,Good,,,,,,7.0,High,Increase route optimization and dispatch monitoring
2024-10-03,991,73.13420787083754,69.0,9.220100908173563,4.61664984863774,11.547931382441977,None,False,Low,Stormy,0.997,,,,,,,,,,,,,,,Good,,,,,,4.0,Medium,Operations performing within expected range
2024-10-04,1019,72.93032384690873,70.0,8.713356231599608,4.619234543670265,11.694798822374878,None,False,Jam,Sandstorms,1.025,,,,,,,,,,,,,,,Good,,,,,,5.0,Medium,Increase route optimization and dispatch monitoring
2024-10-05,1179,78.02714164546225,76.0,8.964656488549618,4.624597116200169,11.748091603053435,None,False,Jam,Stormy,1.186,,,,,,,,,,,,,,,Good,,,,,,7.0,High,Increase route optimization and dispatch monitoring
2024-10-06,1089,75.38108356290175,73.0,8.867520661157025,4.620936639118457,11.845730027548209,None,False,Jam,Sandstorms,1.096,,,,,,,,,,,,,,,Good,,,,,,6.0,Medium,Increase route optimization and dispatch monitoring
2024-10-07,1085,75.25622119815668,73.0,8.626829493087557,4.621935483870968,11.876497695852535,None,False,Jam,Stormy,1.092,,,,,,,,,,,,,,,Good,,,,,,7.0,High,Increase route optimization and dispatch monitoring
2024-10-08,909,72.68536853685369,71.0,9.157986798679868,4.636743674367437,11.646864686468646,None,False,Jam,Sunny,0.914,,,,,,,,,,,,,,,Good,,,,,,5.0,Medium,Increase route optimization and dispatch monitoring
2024-10-09,1418,79.84626234132581,77.0,8.873716502115656,4.62327221438646,11.75669957686883,Dussehra,False,Jam,Fog,1.427,,,,,,,,,,,,,,,Good,,,,,,8.0,High,Increase route optimization and dispatch monitoring | Increase staffing for Dussehra demand
2024-10-10,1291,79.30286599535243,78.0,8.814972889233152,4.628117738187451,12.03175832687839,Dussehra,False,Jam,Sandstorms,1.299,,,,,,,,,,,,,,,Good,,,,,,7.0,High,Increase route optimization and dispatch monitoring | Increase staffing for Dussehra demand
2024-10-11,1204,78.25332225913621,75.0,9.013745847176079,4.6227574750830565,12.103820598006644,Dussehra,False,Jam,Fog,1.211,,,,,,,,,,,,,,,Good,,,,,,8.0,High,Increase route optimization and dispatch monitoring | Increase staffing for Dussehra demand
2024-10-12,1224,77.61846405228758,76.0,8.73906045751634,4.621732026143791,11.72140522875817,Dussehra,False,Jam,Windy,1.231,,,,,,,,,,,,,,,Good,,,,,,7.0,High,Increase route optimization and dispatch monitoring | Increase staffing for Dussehra demand
2024-10-13,1285,78.72217898832685,76.0,8.975431906614785,4.625525291828794,11.806225680933853,Dussehra,False,Jam,Cloudy,1.293,,,,,,,,,,,,,,,Good,,,,,,8.0,High,Increase route optimization and dispatch monitoring | Increase staffing for Dussehra demand
2024-10-14,1050,74.71047619047619,72.0,8.791361904761905,4.625238095238095,11.576190476190476,None,False,Jam,Fog,1.056,,,,,,,,,,,,,,,Good,,,,,,6.0,Medium,Increase route optimization and dispatch monitoring
2024-10-15,1032,73.79554263565892,72.0,9.035019379844961,4.6421511627906975,11.687015503875969,None,False,Jam,Sunny,1.038,,,,,,,,,,,,,,,Good,,,,,,5.0,Medium,Increase route optimization and dispatch monitoring
2024-10-16,1111,75.999099909991,74.0,8.845004500450043,4.620792079207921,11.903690369036903,None,False,Jam,Windy,1.118,,,,,,,,,,,,,,,Good,,,,,,6.0,Medium,Increase route optimization and dispatch monitoring
2024-10-17,1035,74.37004830917874,71.0,8.921729468599034,4.627149758454107,11.846376811594203,None,False,Jam,Sandstorms,1.041,,,,,,,,,,,,,,,Good,,,,,,5.0,Medium,Increase route optimization and dispatch monitoring
2024-10-18,1134,76.06437389770723,73.0,8.996278659611994,4.6158730158730155,11.831569664902998,None,False,Jam,Sunny,1.141,,,,,,,,,,,,,,,Good,,,,,,6.0,Medium,Increase route optimization and dispatch monitoring
2024-10-19,1205,78.30373443983403,75.0,8.996307053941909,4.622240663900415,12.114522821576763,None,False,Jam,Sandstorms,1.212,,,,,,,,,,,,,,,Good,,,,,,6.0,Medium,Increase route optimization and dispatch monitoring
2024-10-20,854,70.27634660421546,68.0,8.594391100702575,4.634192037470726,11.759953161592506,None,False,Jam,Cloudy,0.859,,,,,,,,,,,,,,,Good,,,,,,6.0,Medium,Increase route optimization and dispatch monitoring
2024-10-21,1026,74.14035087719299,71.0,8.982699805068226,4.620662768031189,11.653996101364523,None,False,Jam,Sandstorms,1.032,,,,,,,,,,,,,,,Good,,,,,,5.0,Medium,Increase route optimization and dispatch monitoring
2024-10-22,1072,74.875,72.0,8.741567164179104,4.628544776119403,11.870335820895523,None,False,Jam,Fog,1.078,,,,,,,,,,,,,,,Good,,,,,,6.0,Medium,Increase route optimization and dispatch monitoring
2024-10-23,1148,77.71951219512195,75.0,8.810191637630663,4.616376306620209,12.121951219512194,None,False,Jam,Fog,1.155,,,,,,,,,,,,,,,Good,,,,,,7.0,High,Increase route optimization and dispatch monitoring
2024-10-24,1026,74.98830409356725,73.0,9.337261208576999,4.62719298245614,12.086744639376219,None,False,Jam,Stormy,1.032,,,,,,,,,,,,,,,Good,,,,,,6.0,Medium,Increase route optimization and dispatch monitoring
2024-10-25,964,73.98340248962656,72.0,9.19655601659751,4.6168049792531125,11.92219917012448,None,False,Jam,Sandstorms,0.97,,,,,,,,,,,,,,,Good,,,,,,5.0,Medium,Increase route optimization and dispatch monitoring
2024-10-26,1107,75.51761517615176,74.0,8.93706413730804,4.6154471544715445,11.967479674796747,None,False,Jam,Sandstorms,1.114,,,,,,,,,,,,,,,Good,,,,,,6.0,Medium,Increase route optimization and dispatch monitoring
2024-10-27,1216,77.8873355263158,75.0,8.869144736842104,4.6225328947368425,11.902138157894736,None,False,Jam,Stormy,1.223,,,,,,,,,,,,,,,Good,,,,,,7.0,High,Increase route optimization and dispatch monitoring
2024-10-28,1240,79.28790322580645,77.0,9.153677419354839,4.63233870967742,11.765322580645162,Diwali,False,Jam,Cloudy,1.247,,,,,,,,,,,,,,,Good,,,,,,8.0,High,Increase route optimization and dispatch monitoring | Increase staffing for Diwali demand
2024-10-29,1526,79.88401048492791,78.0,8.97859764089122,4.625688073394495,11.89121887287025,Diwali,False,Jam,Cloudy,1.535,,,,,,,,,,,,,,,Good,,,,,,8.0,High,Increase route optimization and dispatch monitoring | Increase staffing for Diwali demand
2024-10-30,1474,78.77340569877883,76.0,8.724525101763907,4.610854816824966,11.866350067842605,Diwali,False,Jam,Sunny,1.483,,,,,,,,,,,,,,,Good,,,,,,7.0,High,Increase route optimization and dispatch monitoring | Increase staffing for Diwali demand
2024-10-31,1420,79.5661971830986,77.0,8.95569014084507,4.622394366197184,11.96830985915493,Diwali,False,Jam,Stormy,1.429,,,,,,,,,,,,,,,Good,,,,,,8.0,High,Increase route optimization and dispatch monitoring | Increase staffing for Diwali demand
2024-11-01,1414,79.81258840169731,77.5,9.022644978783593,4.625884016973126,11.708628005657708,Diwali,False,Jam,Fog,1.423,,,,,,,,,,,,,,,Good,,,,,,8.0,High,Increase route optimization and dispatch monitoring | Increase staffing for Diwali demand
2024-11-02,1444,80.7645429362881,77.0,9.185997229916897,4.618005540166204,12.043628808864266,Diwali,False,Jam,Sandstorms,1.453,,,,,,,,,,,,,,,Warning,,,,,,7.0,High,Increase route optimization and dispatch monitoring | Increase staffing for Diwali demand
2024-11-03,1622,80.19543773119605,78.0,9.120425400739828,4.621639950678175,11.945745992601726,Diwali,False,Jam,Sandstorms,1.632,,,,,,,,,,,,,,,Warning,,,,,,7.0,High,Increase route optimization and dispatch monitoring | Increase staffing for Diwali demand
2024-11-04,1117,75.78155774395702,73.0,8.90822739480752,4.622918531781558,11.913160250671442,None,False,Jam,Fog,1.124,,,,,,,,,,,,,,,Good,,,,,,7.0,High,Increase route optimization and dispatch monitoring
2024-11-05,1228,79.40390879478828,76.0,9.239275244299675,4.624511400651466,11.818403908794789,None,False,Jam,Fog,1.235,,,,,,,,,,,,,,,Good,,,,,,7.0,High,Increase route optimization and dispatch monitoring
2024-11-06,1252,77.96645367412141,75.0,9.004193290734824,4.621565495207667,11.730830670926517,None,False,Jam,Stormy,1.26,,,,,,,,,,,,,,,Good,,,,,,7.0,High,Increase route optimization and dispatch monitoring
2024-11-07,1117,75.9847806624888,73.0,8.900062667860341,4.62775290957923,11.907788719785138,None,False,Jam,Cloudy,1.124,,,,,,,,,,,,,,,Good,,,,,,7.0,High,Increase route optimization and dispatch monitoring
2024-11-08,1304,81.08052147239263,78.0,9.379348159509203,4.624233128834356,11.983895705521473,None,False,Jam,Fog,1.312,,,,,,,,,,,,,,,Warning,,,,,,7.0,High,Increase route optimization and dispatch monitoring
2024-11-09,1139,78.01316944688323,76.0,9.070184372256366,4.618700614574188,12.208955223880597,None,False,Jam,Windy,1.146,,,,,,,,,,,,,,,Good,,,,,,6.0,Medium,Increase route optimization and dispatch monitoring
2024-11-10,1162,77.82960413080895,75.0,8.797487091222031,4.614716006884682,11.890705679862306,None,False,Jam,Stormy,1.169,,,,,,,,,,,,,,,Good,,,,,,7.0,High,Increase route optimization and dispatch monitoring
2024-11-11,1043,76.57622243528284,75.0,9.406749760306807,4.615532118887824,11.674017257909876,None,False,Jam,Fog,1.049,,,,,,,,,,,,,,,Good,,,,,,7.0,High,Increase route optimization and dispatch monitoring
2024-11-12,1085,75.77235023041474,73.0,9.039649769585253,4.627465437788018,11.59815668202765,None,False,Jam,Fog,1.092,,,,,,,,,,,,,,,Good,,,,,,7.0,High,Increase route optimization and dispatch monitoring
2024-11-13,1081,74.9750231267345,73.0,8.871285846438484,4.631359851988899,11.696577243293246,None,False,Jam,Fog,1.088,,,,,,,,,,,,,,,Good,,,,,,6.0,Medium,Increase route optimization and dispatch monitoring
2024-11-14,1165,77.7107296137339,76.0,8.876600858369098,4.621115879828326,11.986266094420602,None,False,Jam,Fog,1.172,,,,,,,,,,,,,,,Good,,,,,,7.0,High,Increase route optimization and dispatch monitoring
2024-11-15,1037,74.10414657666345,72.0,9.171591128254581,4.62642237222758,11.63066538090646,None,False,Jam,Windy,1.043,,,,,,,,,,,,,,,Good,,,,,,5.0,Medium,Increase route optimization and dispatch monitoring
2024-11-16,1171,77.02049530315969,75.0,9.097421007685739,4.619043552519214,11.554227156276687,None,False,Jam,Windy,1.178,,,,,,,,,,,,,,,Good,,,,,,6.0,Medium,Increase route optimization and dispatch monitoring
2024-11-17,1074,75.50837988826815,72.0,9.207318435754189,4.627374301675978,11.593109869646183,None,False,Jam,Fog,1.08,,,,,,,,,,,,,,,Good,,,,,,7.0,High,Increase route optimization and dispatch monitoring
2024-11-18,1169,77.64242942686056,75.0,8.900966638152267,4.628058169375534,11.886227544910179,None,False,Jam,Windy,1.176,,,,,,,,,,,,,,,Good,,,,,,6.0,Medium,Increase route optimization and dispatch monitoring
2024-11-19,1145,76.26637554585153,73.0,9.018323144104803,4.624366812227074,11.793886462882096,None,False,Jam,Cloudy,1.152,,,,,,,,,,,,,,,Good,,,,,,7.0,High,Increase route optimization and dispatch monitoring
2024-11-20,1312,78.66996951219512,75.0,8.677019817073171,4.6346036585365855,11.6875,None,False,Jam,Fog,1.32,,,,,,,,,,,,,,,Good,,,,,,7.0,High,Increase route optimization and dispatch monitoring
2024-11-21,1144,77.44055944055944,75.0,8.980716783216783,4.634440559440559,12.066433566433567,None,False,Jam,Stormy,1.151,,,,,,,,,,,,,,,Good,,,,,,7.0,High,Increase route optimization and dispatch monitoring
2024-11-22,1002,75.2375249500998,73.5,9.217395209580838,4.623852295409182,11.766467065868264,None,False,Jam,Cloudy,1.008,,,,,,,,,,,,,,,Good,,,,,,7.0,High,Increase route optimization and dispatch monitoring
2024-11-23,1097,77.21422060164083,75.0,9.028040109389243,4.638468550592525,11.801276207839562,None,False,Jam,Sandstorms,1.104,,,,,,,,,,,,,,,Good,,,,,,6.0,Medium,Increase route optimization and dispatch monitoring
2024-11-24,989,74.15166835187058,71.0,9.150586450960567,4.619817997977755,11.539939332659252,None,False,Jam,Fog,0.995,,,,,,,,,,,,,,,Good,,,,,,6.0,Medium,Increase route optimization and dispatch monitoring
2024-11-25,1025,73.40682926829268,71.0,8.777902439024391,4.630048780487805,11.92780487804878,None,False,Jam,Stormy,1.031,,,,,,,,,,,,,,,Good,,,,,,6.0,Medium,Increase route optimization and dispatch monitoring
2024-11-26,1211,77.57720891824938,75.0,9.090767960363337,4.62262592898431,11.616019818331957,None,False,Jam,Sandstorms,1.218,,,,,,,,,,,,,,,Good,,,,,,6.0,Medium,Increase route optimization and dispatch monitoring
2024-11-27,1204,77.34800664451828,75.0,8.842740863787375,4.624335548172757,11.706810631229235,None,False,Jam,Stormy,1.211,,,,,,,,,,,,,,,Good,,,,,,7.0,High,Increase route optimization and dispatch monitoring
2024-11-28,1020,74.87549019607843,72.0,8.881392156862745,4.620980392156862,11.746078431372549,None,False,Jam,Sunny,1.026,,,,,,,,,,,,,,,Good,,,,,,5.0,Medium,Increase route optimization and dispatch monitoring
2024-11-29,1053,75.31149097815765,73.0,9.111120607787274,4.629154795821463,12.037037037037036,None,False,Jam,Stormy,1.059,,,,,,,,,,,,,,,Good,,,,,,7.0,High,Increase route optimization and dispatch monitoring
2024-11-30,1106,76.0614828209765,74.0,8.816681735985533,4.610849909584087,12.080470162748643,None,False,Jam,Cloudy,1.113,,,,,,,,,,,,,,,Good,,,,,,7.0,High,Increase route optimization and dispatch monitoring
2024-12-01,932,72.49678111587983,70.0,9.149538626609443,4.629935622317597,11.59763948497854,None,False,Jam,Windy,0.9379999999999998,,,,,,,,,,,,,,,Good,,,,,,5.0,Medium,Increase route optimization and dispatch monitoring
2024-12-02,958,73.63674321503132,71.0,8.953810020876826,4.615448851774531,11.679540709812109,None,False,Jam,Cloudy,0.964,,,,,,,,,,,,,,,Good,,,,,,6.0,Medium,Increase route optimization and dispatch monitoring
2024-12-03,1048,74.33301526717557,73.0,9.033559160305344,4.624332061068703,11.60973282442748,None,False,Jam,Stormy,1.054,,,,,,,,,,,,,,,Good,,,,,,6.0,Medium,Increase route optimization and dispatch monitoring
2024-12-04,1185,76.6084388185654,74.0,8.808835443037974,4.610801687763713,11.833755274261604,None,False,Jam,Stormy,1.192,,,,,,,,,,,,,,,Good,,,,,,7.0,High,Increase route optimization and dispatch monitoring
2024-12-05,1072,74.32555970149254,72.0,8.659328358208954,4.617537313432836,11.664179104477611,None,False,Jam,Fog,1.078,,,,,,,,,,,,,,,Good,,,,,,6.0,Medium,Increase route optimization and dispatch monitoring
2024-12-06,887,70.96392333709132,69.0,8.903348365276212,4.618714768883878,11.931228861330327,None,False,Low,Stormy,0.8920000000000001,,,,,,,,,,,,,,,Good,,,,,,4.0,Medium,Operations performing within expected range
2024-12-07,1069,75.26379794200187,72.0,9.075930776426567,4.634611786716557,11.659494855004677,None,False,Jam,Fog,1.075,,,,,,,,,,,,,,,Good,,,,,,7.0,High,Increase route optimization and dispatch monitoring
2024-12-08,1040,76.28173076923076,73.0,9.292298076923077,4.621730769230769,11.63076923076923,None,False,Jam,Fog,1.046,,,,,,,,,,,,,,,Good,,,,,,7.0,High,Increase route optimization and dispatch monitoring
2024-12-09,1046,75.20458891013385,73.5,8.669225621414915,4.619598470363289,11.797323135755258,None,False,Jam,Cloudy,1.052,,,,,,,,,,,,,,,Good,,,,,,7.0,High,Increase route optimization and dispatch monitoring
2024-12-10,1155,77.05541125541126,75.0,8.889264069264069,4.632467532467532,11.72900432900433,None,False,Jam,Stormy,1.162,,,,,,,,,,,,,,,Good,,,,,,7.0,High,Increase route optimization and dispatch monitoring
2024-12-11,907,72.42888643880926,71.0,8.878048511576626,4.617089305402425,11.938257993384784,None,False,Jam,Cloudy,0.9120000000000001,,,,,,,,,,,,,,,Good,,,,,,6.0,Medium,Increase route optimization and dispatch monitoring
2024-12-12,975,74.36615384615385,71.0,8.922512820512821,4.624820512820513,11.953846153846154,None,False,Jam,Cloudy,0.981,,,,,,,,,,,,,,,Good,,,,,,6.0,Medium,Increase route optimization and dispatch monitoring
2024-12-13,1137,75.70976253298153,74.0,8.827510993843447,4.615391380826737,11.986807387862797,None,False,Jam,Fog,1.144,,,,,,,,,,,,,,,Good,,,,,,7.0,High,Increase route optimization and dispatch monitoring
2024-12-14,913,72.12814895947426,70.0,8.760700985761227,4.62617743702081,11.951807228915662,None,False,Jam,Sunny,0.919,,,,,,,,,,,,,,,Good,,,,,,5.0,Medium,Increase route optimization and dispatch monitoring
2024-12-15,1156,77.9939446366782,75.0,9.02750865051903,4.61401384083045,12.030276816608996,None,False,Jam,Sunny,1.163,,,,,,,,,,,,,,,Good,,,,,,6.0,Medium,Increase route optimization and dispatch monitoring
2024-12-16,1044,75.95306513409962,73.0,9.369109195402299,4.626724137931035,11.61111111111111,None,False,Jam,Fog,1.05,,,,,,,,,,,,,,,Good,,,,,,7.0,High,Increase route optimization and dispatch monitoring
2024-12-17,1094,76.63711151736746,74.5,8.927632541133455,4.622212065813528,11.867458866544789,None,False,Jam,Fog,1.101,,,,,,,,,,,,,,,Good,,,,,,7.0,High,Increase route optimization and dispatch monitoring
2024-12-18,1037,75.17839922854388,74.0,8.85814850530376,4.622179363548698,11.989392478302797,None,False,Jam,Fog,1.043,,,,,,,,,,,,,,,Good,,,,,,7.0,High,Increase route optimization and dispatch monitoring
2024-12-19,1091,74.97983501374885,73.0,8.53160403299725,4.613198900091659,11.814848762603116,None,False,Jam,Cloudy,1.098,,,,,,,,,,,,,,,Good,,,,,,6.0,Medium,Increase route optimization and dispatch monitoring
2024-12-20,1321,80.71688115064345,77.0,9.096245268735807,4.618697956093868,12.171082513247539,Christmas,False,Jam,Stormy,1.329,,,,,,,,,,,,,,,Warning,,,,,,8.0,High,Increase route optimization and dispatch monitoring | Increase staffing for Christmas demand
2024-12-21,1193,79.01592623637887,76.0,9.254015088013412,4.618357082984073,11.81894383906119,Christmas,False,Jam,Fog,1.2,,,,,,,,,,,,,,,Good,,,,,,8.0,High,Increase route optimization and dispatch monitoring | Increase staffing for Christmas demand
2024-12-22,1181,76.92464013547841,75.0,8.769271803556308,4.624470787468248,12.017781541066892,Christmas,False,Jam,Fog,1.188,,,,,,,,,,,,,,,Good,,,,,,8.0,High,Increase route optimization and dispatch monitoring | Increase staffing for Christmas demand
2024-12-23,1161,78.12489233419466,76.0,9.181119724375538,4.629715762273902,11.925925925925926,Christmas,False,Jam,Fog,1.168,,,,,,,,,,,,,,,Good,,,,,,8.0,High,Increase route optimization and dispatch monitoring | Increase staffing for Christmas demand
2024-12-24,1069,75.51075771749298,73.0,8.822984097287184,4.6235734331150615,12.023386342376053,Christmas,False,Jam,Stormy,1.075,,,,,,,,,,,,,,,Good,,,,,,8.0,High,Increase route optimization and dispatch monitoring | Increase staffing for Christmas demand
2024-12-25,1204,77.8014950166113,74.0,8.943214285714285,4.61204318936877,12.15531561461794,Christmas,False,Jam,Fog,1.211,,,,,,,,,,,,,,,Good,,,,,,8.0,High,Increase route optimization and dispatch monitoring | Increase staffing for Christmas demand
2024-12-26,1134,77.05643738977072,74.5,8.901040564373899,4.616137566137566,12.05731922398589,Christmas,False,Jam,Stormy,1.141,,,,,,,,,,,,,,,Good,,,,,,8.0,High,Increase route optimization and dispatch monitoring | Increase staffing for Christmas demand
2024-12-27,1121,75.73595004460303,74.0,8.557966101694914,4.61900089206066,11.918822479928636,None,False,Jam,Sunny,1.128,,,,,,,,,,,,,,,Good,,,,,,6.0,Medium,Increase route optimization and dispatch monitoring
2024-12-28,1129,75.95305580159433,73.0,8.637298494242692,4.612134632418069,11.761736049601417,None,False,Jam,Stormy,1.136,,,,,,,,,,,,,,,Good,,,,,,7.0,High,Increase route optimization and dispatch monitoring
2024-12-29,948,72.83333333333333,71.0,8.719071729957806,4.617088607594937,11.859704641350211,None,False,Jam,Fog,0.954,,,,,,,,,,,,,,,Good,,,,,,6.0,Medium,Increase route optimization and dispatch monitoring
2024-12-30,1005,74.40099502487563,72.0,8.83468656716418,4.626666666666667,11.7363184079602,None,False,Jam,Fog,1.011,,,,,,,,,,,,,,,Good,,,,,,6.0,Medium,Increase route optimization and dispatch monitoring
2024-12-31,1148,76.82404181184668,74.0,8.793824041811845,4.622648083623694,11.942508710801393,None,False,Jam,Stormy,1.155,,,,,,,,,,,,,,,Good,,,,,,7.0,High,Increase route optimization and dispatch monitoring
2025-01-01,925,72.7881081081081,70.0,8.958227027027027,4.619567567567568,11.667027027027027,None,False,Jam,Sandstorms,0.931,,,,,,,,,,,,,,,Good,,,,,,5.0,Medium,Increase route optimization and dispatch monitoring
2025-01-02,866,71.36374133949192,69.0,8.857632794457276,4.624480369515012,11.734411085450347,None,False,Jam,Fog,0.8709999999999999,,,,,,,,,,,,,,,Good,,,,,,6.0,Medium,Increase route optimization and dispatch monitoring
2025-01-03,999,73.57957957957957,71.0,8.66187187187187,4.6215215215215215,11.93993993993994,None,False,Jam,Fog,1.005,,,,,,,,,,,,,,,Good,,,,,,6.0,Medium,Increase route optimization and dispatch monitoring
2025-01-04,1010,74.13960396039604,72.0,8.952029702970297,4.6321782178217825,11.908910891089109,None,False,Jam,Cloudy,1.016,,,,,,,,,,,,,,,Good,,,,,,6.0,Medium,Increase route optimization and dispatch monitoring
2025-01-05,938,72.53304904051173,70.5,8.781748400852878,4.609275053304904,12.07356076759062,None,False,Jam,Stormy,0.944,,,,,,,,,,,,,,,Good,,,,,,6.0,Medium,Increase route optimization and dispatch monitoring
2025-01-06,1016,74.11023622047244,72.0,8.82904527559055,4.624114173228347,11.710629921259843,None,False,Jam,Windy,1.022,,,,,,,,,,,,,,,Good,,,,,,5.0,Medium,Increase route optimization and dispatch monitoring
2025-01-07,992,74.23286290322581,72.0,9.231189516129032,4.619959677419355,11.830645161290322,None,False,Jam,Fog,0.998,,,,,,,,,,,,,,,Good,,,,,,6.0,Medium,Increase route optimization and dispatch monitoring
2025-01-08,1050,74.38,72.0,8.976828571428571,4.62552380952381,11.653333333333334,None,False,Jam,Stormy,1.056,,,,,,,,,,,,,,,Good,,,,,,6.0,Medium,Increase route optimization and dispatch monitoring
2025-01-09,969,72.9814241486068,71.0,8.838926728586172,4.624148606811145,11.632610939112487,None,False,Jam,Fog,0.975,,,,,,,,,,,,,,,Good,,,,,,6.0,Medium,Increase route optimization and dispatch monitoring
2025-01-10,1168,77.73202054794521,76.0,8.725856164383561,4.618407534246575,12.191780821917808,None,False,Jam,Stormy,1.175,,,,,,,,,,,,,,,Good,,,,,,7.0,High,Increase route optimization and dispatch monitoring
2025-01-11,931,72.55316863587541,71.0,9.151825993555317,4.622556390977444,11.599355531686358,None,False,Jam,Fog,0.937,,,,,,,,,,,,,,,Good,,,,,,6.0,Medium,Increase route optimization and dispatch monitoring
2025-01-12,787,71.25285895806861,70.0,8.896302414231258,4.620203303684879,11.714104193138501,None,False,Jam,Fog,0.7919999999999999,,,,,,,,,,,,,,,Good,,,,,,6.0,Medium,Increase route optimization and dispatch monitoring
2025-01-13,1037,74.58437801350048,73.0,8.747656702025072,4.630665380906461,11.635486981677918,None,False,Jam,Cloudy,1.043,,,,,,,,,,,,,,,Good,,,,,,6.0,Medium,Increase route optimization and dispatch monitoring
2025-01-14,894,71.32662192393737,70.0,8.981677852348993,4.632102908277405,11.543624161073826,None,False,Low,Windy,0.899,,,,,,,,,,,,,,,Good,,,,,,3.0,Low,Operations performing within expected range
2025-01-15,993,73.77341389728096,72.0,8.964058408862034,4.624068479355488,11.53877139979859,None,False,Jam,Windy,0.999,,,,,,,,,,,,,,,Good,,,,,,5.0,Medium,Increase route optimization and dispatch monitoring
2025-01-16,1026,74.36549707602339,72.0,9.176013645224172,4.610428849902534,11.846978557504872,None,False,Jam,Stormy,1.032,,,,,,,,,,,,,,,Good,,,,,,6.0,Medium,Increase route optimization and dispatch monitoring
2025-01-17,859,72.20838183934808,70.0,9.192037252619325,4.631199068684516,11.861466821885914,None,False,Jam,Fog,0.8640000000000001,,,,,,,,,,,,,,,Good,,,,,,6.0,Medium,Increase route optimization and dispatch monitoring
2025-01-18,853,70.53341148886284,69.0,8.903634232121922,4.625439624853458,11.819460726846424,None,False,Jam,Windy,0.858,,,,,,,,,,,,,,,Good,,,,,,5.0,Medium,Increase route optimization and dispatch monitoring
2025-01-19,818,70.7885085574572,68.0,9.04356968215159,4.628239608801956,11.551344743276283,None,False,Low,Fog,0.823,,,,,,,,,,,,,,,Good,,,,,,4.0,Medium,Operations performing within expected range
2025-01-20,861,70.5876887340302,69.0,8.523983739837398,4.609639953542393,11.738675958188153,None,False,Jam,Stormy,0.866,,,,,,,,,,,,,,,Good,,,,,,6.0,Medium,Increase route optimization and dispatch monitoring
2025-01-21,962,73.82952182952182,72.0,8.90043659043659,4.627130977130977,11.70997920997921,None,False,Jam,Fog,0.968,,,,,,,,,,,,,,,Good,,,,,,6.0,Medium,Increase route optimization and dispatch monitoring
2025-01-22,1027,74.97955209347614,73.0,8.718529698149952,4.60126582278481,11.737098344693282,None,False,Jam,Windy,1.033,,,,,,,,,,,,,,,Good,,,,,,5.0,Medium,Increase route optimization and dispatch monitoring
2025-01-23,950,72.8157894736842,70.0,8.868484210526315,4.627368421052632,11.84,None,False,Jam,Cloudy,0.956,,,,,,,,,,,,,,,Good,,,,,,6.0,Medium,Increase route optimization and dispatch monitoring
2025-01-24,874,70.87528604118994,69.0,8.807803203661328,4.626544622425629,11.416475972540045,None,False,Low,Sandstorms,0.879,,,,,,,,,,,,,,,Good,,,,,,3.0,Low,Operations performing within expected range
2025-01-25,773,68.503234152652,67.0,8.481681759379043,4.633376455368693,11.460543337645538,None,False,Low,Fog,0.778,,,,,,,,,,,,,,,Good,,,,,,4.0,Medium,Operations performing within expected range
2025-01-26,943,73.17073170731707,71.0,8.815153764581124,4.623860021208908,11.745493107104984,None,False,Jam,Fog,0.949,,,,,,,,,,,,,,,Good,,,,,,6.0,Medium,Increase route optimization and dispatch monitoring
2025-01-27,886,72.47968397291196,70.0,9.340507900677201,4.610045146726862,11.647855530474041,None,False,Jam,Cloudy,0.891,,,,,,,,,,,,,,,Good,,,,,,6.0,Medium,Increase route optimization and dispatch monitoring
2025-01-28,964,74.08402489626556,72.0,9.184304979253112,4.628734439834025,11.742738589211617,None,False,Jam,Fog,0.97,,,,,,,,,,,,,,,Good,,,,,,6.0,Medium,Increase route optimization and dispatch monitoring
2025-01-29,1042,74.39827255278311,72.0,8.83179462571977,4.635604606525912,11.880998080614203,None,False,Jam,Sunny,1.048,,,,,,,,,,,,,,,Good,,,,,,5.0,Medium,Increase route optimization and dispatch monitoring
2025-01-30,940,73.47553191489362,72.0,8.958808510638299,4.6256382978723405,11.736170212765957,None,False,Jam,Stormy,0.9460000000000001,,,,,,,,,,,,,,,Good,,,,,,6.0,Medium,Increase route optimization and dispatch monitoring
2025-01-31,1046,74.5038240917782,73.0,9.007437858508604,4.6246653919694065,11.811663479923519,None,False,Jam,Sandstorms,1.052,,,,,,,,,,,,,,,Good,,,,,,5.0,Medium,Increase route optimization and dispatch monitoring
2025-02-01,987,74.81965552178318,72.0,9.35387031408308,4.622289766970618,11.75582573454914,None,False,Jam,Windy,0.993,,,,,,,,,,,,,,,Good,,,,,,5.0,Medium,Increase route optimization and dispatch monitoring
2025-02-02,1000,72.918,70.0,8.594149999999999,4.6284,11.798,None,False,Jam,Stormy,1.006,,,,,,,,,,,,,,,Good,,,,,,6.0,Medium,Increase route optimization and dispatch monitoring
2025-02-03,887,72.10710259301014,71.0,9.104081172491544,4.620405862457723,11.733934611048477,None,False,Jam,Cloudy,0.8920000000000001,,,,,,,,,,,,,,,Good,,,,,,6.0,Medium,Increase route optimization and dispatch monitoring
2025-02-04,937,71.991462113127,69.0,8.57462113127001,4.627534685165422,11.525080042689435,None,False,Jam,Fog,0.9430000000000001,,,,,,,,,,,,,,,Good,,,,,,6.0,Medium,Increase route optimization and dispatch monitoring
2025-02-05,1023,74.8435972629521,73.0,8.922101661779081,4.6179863147605085,12.00097751710655,None,False,Jam,Fog,1.029,,,,,,,,,,,,,,,Good,,,,,,6.0,Medium,Increase route optimization and dispatch monitoring
2025-02-06,1013,74.39091806515302,73.0,8.813662388943731,4.61253701875617,11.68904244817374,None,False,Jam,Fog,1.019,,,,,,,,,,,,,,,Good,,,,,,6.0,Medium,Increase route optimization and dispatch monitoring
2025-02-07,976,73.06659836065573,71.0,8.988493852459017,4.611270491803279,11.779713114754099,None,False,Jam,Fog,0.982,,,,,,,,,,,,,,,Good,,,,,,6.0,Medium,Increase route optimization and dispatch monitoring
2025-02-08,1010,73.50594059405941,71.0,8.702752475247525,4.631683168316831,11.826732673267326,None,False,Jam,Stormy,1.016,,,,,,,,,,,,,,,Good,,,,,,6.0,Medium,Increase route optimization and dispatch monitoring
2025-02-09,940,73.72127659574468,72.0,9.067489361702128,4.616170212765957,12.103191489361702,None,False,Jam,Stormy,0.9460000000000001,,,,,,,,,,,,,,,Good,,,,,,6.0,Medium,Increase route optimization and dispatch monitoring
2025-02-10,933,73.20257234726688,70.0,9.04331189710611,4.619506966773848,11.539121114683816,None,False,Low,Sunny,0.939,,,,,,,,,,,,,,,Good,,,,,,3.0,Low,Operations performing within expected range
2025-02-11,1014,75.1508875739645,74.0,8.881587771203156,4.627810650887574,11.579881656804734,None,False,Jam,Fog,1.02,,,,,,,,,,,,,,,Good,,,,,,7.0,High,Increase route optimization and dispatch monitoring
2025-02-12,848,69.61674528301887,68.0,8.491544811320754,4.617806603773585,11.773584905660377,None,False,Jam,Stormy,0.853,,,,,,,,,,,,,,,Good,,,,,,6.0,Medium,Increase route optimization and dispatch monitoring
2025-02-13,853,71.67760844079719,69.0,9.30400937866354,4.6275498241500586,11.520515826494725,None,False,Jam,Fog,0.858,,,,,,,,,,,,,,,Good,,,,,,6.0,Medium,Increase route optimization and dispatch monitoring
2025-02-14,889,70.17885264341957,68.0,8.67068616422947,4.630483689538807,11.625421822272216,None,False,Low,Stormy,0.8939999999999999,,,,,,,,,,,,,,,Good,,,,,,4.0,Medium,Operations performing within expected range
2025-02-15,789,70.99746514575412,69.0,9.233244613434728,4.620785804816223,11.598225602027883,None,False,Jam,Windy,0.794,,,,,,,,,,,,,,,Good,,,,,,5.0,Medium,Increase route optimization and dispatch monitoring
2025-02-16,909,71.69196919691969,69.0,8.364950495049504,4.6216721672167225,11.783278327832782,None,False,Jam,Fog,0.914,,,,,,,,,,,,,,,Good,,,,,,6.0,Medium,Increase route optimization and dispatch monitoring
2025-02-17,998,73.03206412825651,70.0,8.701082164328657,4.612725450901803,11.848697394789578,None,False,Jam,Fog,1.004,,,,,,,,,,,,,,,Good,,,,,,6.0,Medium,Increase route optimization and dispatch monitoring
2025-02-18,930,72.41612903225807,71.0,9.236236559139785,4.62236559139785,11.43763440860215,None,False,Jam,Sandstorms,0.936,,,,,,,,,,,,,,,Good,,,,,,5.0,Medium,Increase route optimization and dispatch monitoring
2025-02-19,1025,72.57658536585366,71.0,8.96580487804878,4.628292682926829,11.419512195121952,None,False,Low,Fog,1.031,,,,,,,,,,,,,,,Good,,,,,,4.0,Medium,Operations performing within expected range
2025-02-20,1035,74.59130434782608,73.0,9.116541062801932,4.617584541062802,11.665700483091788,None,False,Jam,Sandstorms,1.041,,,,,,,,,,,,,,,Good,,,,,,5.0,Medium,Increase route optimization and dispatch monitoring
2025-02-21,1117,76.32766338406446,74.0,8.621477170993733,4.628021486123545,11.888093106535363,None,False,Jam,Fog,1.124,,,,,,,,,,,,,,,Good,,,,,,7.0,High,Increase route optimization and dispatch monitoring
2025-02-22,966,74.27536231884058,72.0,9.178840579710146,4.6231884057971016,11.836438923395445,None,False,Jam,Fog,0.972,,,,,,,,,,,,,,,Good,,,,,,6.0,Medium,Increase route optimization and dispatch monitoring
2025-02-23,1066,74.8311444652908,72.0,8.99200750469043,4.621482176360225,11.833020637898686,None,False,Jam,Sandstorms,1.072,,,,,,,,,,,,,,,Good,,,,,,5.0,Medium,Increase route optimization and dispatch monitoring
2025-02-24,949,73.05584826132771,72.0,8.686870389884088,4.622339304531086,11.969441517386723,None,False,Jam,Fog,0.955,,,,,,,,,,,,,,,Good,,,,,,6.0,Medium,Increase route optimization and dispatch monitoring
2025-02-25,888,71.59572072072072,68.0,9.048220720720721,4.616103603603604,11.472972972972974,None,False,Low,Fog,0.893,,,,,,,,,,,,,,,Good,,,,,,4.0,Medium,Operations performing within expected range
2025-02-26,962,72.21829521829522,71.0,8.604386694386694,4.628794178794179,11.8991683991684,None,False,Jam,Fog,0.968,,,,,,,,,,,,,,,Good,,,,,,6.0,Medium,Increase route optimization and dispatch monitoring
2025-02-27,839,71.96305125148987,69.0,8.878676996424314,4.615375446960668,12.133492252681764,None,False,Jam,Windy,0.844,,,,,,,,,,,,,,,Good,,,,,,5.0,Medium,Increase route optimization and dispatch monitoring
2025-02-28,939,71.51650692225772,68.0,8.538998935037274,4.630777422790202,11.98615548455804,None,False,Jam,Fog,0.945,,,,,,,,,,,,,,,Good,,,,,,6.0,Medium,Increase route optimization and dispatch monitoring
2025-03-01,984,74.83536585365853,73.0,9.10535569105691,4.616971544715447,11.757113821138212,None,False,Jam,Sandstorms,0.99,,,,,,,,,,,,,,,Good,,,,,,5.0,Medium,Increase route optimization and dispatch monitoring
2025-03-02,1067,74.80224929709466,74.0,9.027432052483599,4.618181818181818,12.03842549203374,None,False,Jam,Fog,1.073,,,,,,,,,,,,,,,Good,,,,,,6.0,Medium,Increase route optimization and dispatch monitoring
2025-03-03,1118,77.74060822898032,75.0,9.138389982110912,4.6205724508050094,11.833631484794276,None,False,Jam,Fog,1.125,,,,,,,,,,,,,,,Good,,,,,,7.0,High,Increase route optimization and dispatch monitoring
2025-03-04,883,71.4326160815402,68.0,8.951438278595697,4.623895809739524,12.003397508493771,None,False,Jam,Cloudy,0.888,,,,,,,,,,,,,,,Good,,,,,,6.0,Medium,Increase route optimization and dispatch monitoring
2025-03-05,1086,74.70349907918968,73.0,8.682255985267036,4.619705340699816,11.648250460405157,None,False,Jam,Sandstorms,1.093,,,,,,,,,,,,,,,Good,,,,,,5.0,Medium,Increase route optimization and dispatch monitoring
2025-03-06,911,71.84083424807903,69.0,8.764061470911088,4.623380900109769,11.844127332601536,None,False,Jam,Sunny,0.916,,,,,,,,,,,,,,,Good,,,,,,5.0,Medium,Increase route optimization and dispatch monitoring
2025-03-07,1094,75.94058500914076,74.0,8.79908592321755,4.619469835466179,11.888482632541134,None,False,Jam,Fog,1.101,,,,,,,,,,,,,,,Good,,,,,,7.0,High,Increase route optimization and dispatch monitoring
2025-03-08,1002,73.80439121756487,71.0,8.91678642714571,4.625948103792415,11.739520958083832,None,False,Jam,Sandstorms,1.008,,,,,,,,,,,,,,,Good,,,,,,5.0,Medium,Increase route optimization and dispatch monitoring
2025-03-09,857,71.67794632438739,69.0,8.945204200700116,4.6322053675612604,11.528588098016336,None,False,Jam,Cloudy,0.862,,,,,,,,,,,,,,,Good,,,,,,6.0,Medium,Increase route optimization and dispatch monitoring
2025-03-10,1183,77.35502958579882,74.0,8.81363482671175,4.627641589180051,11.953508030431108,Holi,False,Jam,Stormy,1.19,,,,,,,,,,,,,,,Good,,,,,,8.0,High,Increase route optimization and dispatch monitoring | Increase staffing for Holi demand
2025-03-11,1059,74.33711048158641,71.0,8.708083097261568,4.617091595845137,11.698772426817753,Holi,False,Jam,Windy,1.065,,,,,,,,,,,,,,,Good,,,,,,6.0,Medium,Increase route optimization and dispatch monitoring | Increase staffing for Holi demand
2025-03-12,1129,76.48272807794508,74.0,8.827449069973428,4.620814880425154,11.99822852081488,Holi,False,Jam,Windy,1.136,,,,,,,,,,,,,,,Good,,,,,,7.0,High,Increase route optimization and dispatch monitoring | Increase staffing for Holi demand
2025-03-13,1018,74.33104125736739,71.0,9.098988212180746,4.631728880157171,11.8762278978389,Holi,False,Jam,Stormy,1.024,,,,,,,,,,,,,,,Good,,,,,,7.0,High,Increase route optimization and dispatch monitoring | Increase staffing for Holi demand
2025-03-14,1119,77.16353887399464,75.0,8.889392314566576,4.623771224307418,11.806970509383378,Holi,False,Jam,Fog,1.126,,,,,,,,,,,,,,,Good,,,,,,8.0,High,Increase route optimization and dispatch monitoring | Increase staffing for Holi demand
2025-03-15,1175,77.73446808510639,75.0,9.25779574468085,4.627404255319148,11.657021276595744,Holi,False,Jam,Cloudy,1.182,,,,,,,,,,,,,,,Good,,,,,,8.0,High,Increase route optimization and dispatch monitoring | Increase staffing for Holi demand
2025-03-16,1107,75.50858175248419,73.0,8.771409214092142,4.620415537488708,11.764227642276422,Holi,False,Jam,Sandstorms,1.114,,,,,,,,,,,,,,,Good,,,,,,7.0,High,Increase route optimization and dispatch monitoring | Increase staffing for Holi demand
2025-03-17,1010,73.42277227722772,72.0,8.679445544554456,4.622574257425743,11.538613861386139,None,False,Jam,Cloudy,1.016,,,,,,,,,,,,,,,Good,,,,,,6.0,Medium,Increase route optimization and dispatch monitoring
2025-03-18,1023,73.25806451612904,71.0,8.598739002932552,4.62297165200391,11.896383186705767,None,False,Jam,Windy,1.029,,,,,,,,,,,,,,,Good,,,,,,5.0,Medium,Increase route optimization and dispatch monitoring
2025-03-19,1166,77.71440823327616,76.0,8.986286449399657,4.63156089193825,11.966552315608919,None,False,Jam,Fog,1.173,,,,,,,,,,,,,,,Good,,,,,,7.0,High,Increase route optimization and dispatch monitoring
2025-03-20,967,72.16442605997932,69.0,8.731840744570839,4.627404343329886,11.672182006204757,None,False,Jam,Windy,0.973,,,,,,,,,,,,,,,Good,,,,,,5.0,Medium,Increase route optimization and dispatch monitoring
2025-03-21,930,73.65161290322581,72.0,9.125655913978495,4.629677419354839,11.940860215053764,None,False,Jam,Stormy,0.936,,,,,,,,,,,,,,,Good,,,,,,6.0,Medium,Increase route optimization and dispatch monitoring
2025-03-22,1101,76.51135331516802,74.0,8.871035422343324,4.624341507720254,11.914623069936422,None,False,Jam,Fog,1.108,,,,,,,,,,,,,,,Good,,,,,,7.0,High,Increase route optimization and dispatch monitoring
2025-03-23,978,73.8282208588957,72.0,8.873865030674846,4.610224948875256,11.722903885480573,None,False,Jam,Cloudy,0.984,,,,,,,,,,,,,,,Good,,,,,,6.0,Medium,Increase route optimization and dispatch monitoring
2025-03-24,1072,75.79757462686567,73.0,9.337117537313432,4.61875,11.864738805970148,None,False,Jam,Cloudy,1.078,,,,,,,,,,,,,,,Good,,,,,,7.0,High,Increase route optimization and dispatch monitoring
2025-03-25,1025,73.80585365853659,72.0,8.51630243902439,4.619609756097561,11.814634146341463,None,False,Jam,Cloudy,1.031,,,,,,,,,,,,,,,Good,,,,,,6.0,Medium,Increase route optimization and dispatch monitoring
2025-03-26,1045,75.57033492822967,74.0,8.87488995215311,4.6266028708133975,12.026794258373206,None,False,Jam,Stormy,1.051,,,,,,,,,,,,,,,Good,,,,,,7.0,High,Increase route optimization and dispatch monitoring
2025-03-27,1023,74.89638318670576,73.0,8.643196480938416,4.629618768328446,11.978494623655914,None,False,Jam,Windy,1.029,,,,,,,,,,,,,,,Good,,,,,,5.0,Medium,Increase route optimization and dispatch monitoring
2025-03-28,1342,80.22429210134128,77.0,8.867913561847988,4.6114008941877795,11.798807749627422,Eid,False,Jam,Sandstorms,1.35,,,,,,,,,,,,,,,Warning,,,,,,7.0,High,Increase route optimization and dispatch monitoring | Increase staffing for Eid demand
2025-03-29,1303,80.65617805065234,77.0,9.230506523407522,4.621412125863392,11.858019953952418,Eid,False,Jam,Windy,1.311,,,,,,,,,,,,,,,Warning,,,,,,7.0,High,Increase route optimization and dispatch monitoring | Increase staffing for Eid demand
2025-03-30,1112,76.2751798561151,73.0,8.843228417266188,4.623741007194245,11.822841726618705,Eid,False,Jam,Cloudy,1.119,,,,,,,,,,,,,,,Good,,,,,,8.0,High,Increase route optimization and dispatch monitoring | Increase staffing for Eid demand
2025-03-31,1098,76.04098360655738,74.0,9.344763205828778,4.611111111111111,11.868852459016393,Eid,False,Jam,Fog,1.105,,,,,,,,,,,,,,,Good,,,,,,8.0,High,Increase route optimization and dispatch monitoring | Increase staffing for Eid demand
2025-04-01,1202,77.36855241264558,74.0,8.77207986688852,4.618801996672213,11.771214642262896,Eid,False,Jam,Sunny,1.209,,,,,,,,,,,,,,,Good,,,,,,7.0,High,Increase route optimization and dispatch monitoring | Increase staffing for Eid demand
2025-04-02,1094,76.46435100548446,73.0,9.140904936014625,4.618647166361974,11.904936014625228,Eid,False,Jam,Fog,1.101,,,,,,,,,,,,,,,Good,,,,,,8.0,High,Increase route optimization and dispatch monitoring | Increase staffing for Eid demand
2025-04-03,1033,75.07647628267183,73.0,9.099051306873184,4.626621490803485,11.666989351403679,None,False,Jam,Windy,1.039,,,,,,,,,,,,,,,Good,,,,,,6.0,Medium,Increase route optimization and dispatch monitoring
2025-04-04,1065,74.34647887323943,72.0,8.85312676056338,4.630985915492958,11.791549295774647,None,False,Jam,Stormy,1.071,,,,,,,,,,,,,,,Good,,,,,,6.0,Medium,Increase route optimization and dispatch monitoring
2025-04-05,1052,75.0893536121673,73.0,8.888631178707225,4.626140684410646,11.55513307984791,None,False,Jam,Sandstorms,1.058,,,,,,,,,,,,,,,Good,,,,,,6.0,Medium,Increase route optimization and dispatch monitoring
2025-04-06,948,72.29430379746836,71.0,8.965284810126583,4.609388185654009,11.764767932489452,None,False,Jam,Stormy,0.954,,,,,,,,,,,,,,,Good,,,,,,6.0,Medium,Increase route optimization and dispatch monitoring
2025-04-07,869,70.68469505178366,69.0,8.575224395857306,4.623245109321059,11.634062140391254,None,False,Jam,Cloudy,0.874,,,,,,,,,,,,,,,Good,,,,,,6.0,Medium,Increase route optimization and dispatch monitoring
2025-04-08,839,69.53396901072706,67.0,8.633230035756853,4.6240762812872465,11.62097735399285,None,False,Jam,Sunny,0.844,,,,,,,,,,,,,,,Good,,,,,,5.0,Medium,Increase route optimization and dispatch monitoring
2025-04-09,972,72.98456790123457,71.0,8.770041152263374,4.633127572016461,11.660493827160494,None,False,Jam,Cloudy,0.978,,,,,,,,,,,,,,,Good,,,,,,6.0,Medium,Increase route optimization and dispatch monitoring
2025-04-10,969,72.66769865841073,70.0,8.848988648090815,4.61826625386997,11.691434468524251,None,False,Jam,Sunny,0.975,,,,,,,,,,,,,,,Good,,,,,,5.0,Medium,Increase route optimization and dispatch monitoring
2025-04-11,1043,73.5934803451582,71.0,8.834554170661553,4.622627037392138,11.633748801534036,None,False,Jam,Sunny,1.049,,,,,,,,,,,,,,,Good,,,,,,5.0,Medium,Increase route optimization and dispatch monitoring
2025-04-12,1186,78.13153456998313,76.0,9.073811129848231,4.614671163575042,11.798482293423271,None,False,Jam,Fog,1.193,,,,,,,,,,,,,,,Good,,,,,,7.0,High,Increase route optimization and dispatch monitoring
2025-04-13,1107,74.710027100271,72.0,8.38305329719964,4.630352303523035,12.029810298102982,None,False,Jam,Stormy,1.114,,,,,,,,,,,,,,,Good,,,,,,6.0,Medium,Increase route optimization and dispatch monitoring
2025-04-14,920,72.08695652173913,69.5,9.335717391304348,4.6225,11.766304347826088,None,False,Jam,Sunny,0.926,,,,,,,,,,,,,,,Good,,,,,,5.0,Medium,Increase route optimization and dispatch monitoring
2025-04-15,1035,75.94106280193236,74.0,9.225632850241546,4.624347826086956,11.902415458937199,None,False,Jam,Fog,1.041,,,,,,,,,,,,,,,Good,,,,,,7.0,High,Increase route optimization and dispatch monitoring
2025-04-16,1033,74.98935140367861,72.0,8.88213939980639,4.617909002904163,11.93320425943853,None,False,Jam,Cloudy,1.039,,,,,,,,,,,,,,,Good,,,,,,6.0,Medium,Increase route optimization and dispatch monitoring
2025-04-17,985,73.94619289340102,72.0,9.144842639593909,4.611675126903553,11.794923857868021,None,False,Jam,Cloudy,0.991,,,,,,,,,,,,,,,Good,,,,,,6.0,Medium,Increase route optimization and dispatch monitoring
2025-04-18,1084,75.57380073800738,73.0,8.668459409594096,4.627214022140221,11.687269372693727,None,False,Jam,Fog,1.091,,,,,,,,,,,,,,,Good,,,,,,7.0,High,Increase route optimization and dispatch monitoring
2025-04-19,1078,74.51762523191094,72.0,8.645974025974027,4.619202226345084,11.696660482374767,None,False,Jam,Sandstorms,1.085,,,,,,,,,,,,,,,Good,,,,,,5.0,Medium,Increase route optimization and dispatch monitoring
2025-04-20,991,74.16347124117054,72.0,9.049263370332996,4.6173562058526745,11.600403632694249,None,False,Jam,Fog,0.997,,,,,,,,,,,,,,,Good,,,,,,6.0,Medium,Increase route optimization and dispatch monitoring
2025-04-21,1082,74.95748613678373,73.0,8.879038817005545,4.621441774491681,11.82162661737523,None,False,Jam,Fog,1.089,,,,,,,,,,,,,,,Good,,,,,,6.0,Medium,Increase route optimization and dispatch monitoring
2025-04-22,915,72.89945355191257,72.0,8.850185792349727,4.622841530054645,11.72568306010929,None,False,Jam,Windy,0.921,,,,,,,,,,,,,,,Good,,,,,,5.0,Medium,Increase route optimization and dispatch monitoring
2025-04-23,1070,75.10747663551402,72.0,8.821140186915889,4.634485981308411,11.742990654205608,None,False,Jam,Cloudy,1.076,,,,,,,,,,,,,,,Good,,,,,,7.0,High,Increase route optimization and dispatch monitoring
2025-04-24,1209,78.03556658395368,76.0,8.972059553349876,4.622084367245658,11.938792390405293,None,False,Jam,Windy,1.216,,,,,,,,,,,,,,,Good,,,,,,6.0,Medium,Increase route optimization and dispatch monitoring
2025-04-25,1088,74.30422794117646,71.0,8.646148897058824,4.619485294117647,11.842830882352942,None,False,Jam,Stormy,1.095,,,,,,,,,,,,,,,Good,,,,,,6.0,Medium,Increase route optimization and dispatch monitoring
2025-04-26,1147,75.88055797733217,75.0,8.473496076721883,4.631124673060157,12.024411508282476,None,False,Jam,Sunny,1.154,,,,,,,,,,,,,,,Good,,,,,,6.0,Medium,Increase route optimization and dispatch monitoring
2025-04-27,1026,73.61013645224172,71.5,8.907543859649122,4.629434697855751,11.510721247563353,None,False,Low,Windy,1.032,,,,,,,,,,,,,,,Good,,,,,,3.0,Low,Operations performing within expected range
2025-04-28,1045,74.15598086124402,72.0,8.810995215311005,4.633205741626794,11.511961722488039,None,False,Jam,Sunny,1.051,,,,,,,,,,,,,,,Good,,,,,,5.0,Medium,Increase route optimization and dispatch monitoring
2025-04-29,1004,73.27589641434263,71.0,8.76933266932271,4.6362549800796815,11.68824701195219,None,False,Jam,Sandstorms,1.01,,,,,,,,,,,,,,,Good,,,,,,5.0,Medium,Increase route optimization and dispatch monitoring
2025-04-30,1055,74.52796208530806,72.0,9.190578199052132,4.620094786729858,11.672037914691943,None,False,Jam,Stormy,1.061,,,,,,,,,,,,,,,Good,,,,,,6.0,Medium,Increase route optimization and dispatch monitoring
2025-05-01,955,73.70680628272251,72.0,9.05752879581152,4.627434554973822,11.718324607329842,None,False,Jam,Sandstorms,0.961,,,,,,,,,,,,,,,Good,,,,,,5.0,Medium,Increase route optimization and dispatch monitoring
2025-05-02,1118,76.46153846153847,74.0,8.953076923076923,4.626296958855098,11.708407871198569,None,False,Jam,Fog,1.125,,,,,,,,,,,,,,,Good,,,,,,7.0,High,Increase route optimization and dispatch monitoring
2025-05-03,968,74.69834710743801,72.0,9.411539256198347,4.617561983471075,11.523760330578513,None,False,Jam,Cloudy,0.974,,,,,,,,,,,,,,,Good,,,,,,6.0,Medium,Increase route optimization and dispatch monitoring
2025-05-04,1084,75.56180811808117,73.0,9.150461254612546,4.630442804428044,11.75830258302583,None,False,Jam,Cloudy,1.091,,,,,,,,,,,,,,,Good,,,,,,7.0,High,Increase route optimization and dispatch monitoring
2025-05-05,1097,75.24886052871467,73.0,8.88661804922516,4.621786690975388,11.851412944393802,None,False,Jam,Sunny,1.104,,,,,,,,,,,,,,,Good,,,,,,6.0,Medium,Increase route optimization and dispatch monitoring
2025-05-06,1049,74.2926596758818,72.0,9.103860819828409,4.618970448045758,11.737845567206863,None,False,Jam,Stormy,1.055,,,,,,,,,,,,,,,Good,,,,,,6.0,Medium,Increase route optimization and dispatch monitoring
2025-05-07,1056,74.05587121212122,73.0,9.047926136363637,4.627935606060606,11.469696969696969,None,False,Low,Stormy,1.062,,,,,,,,,,,,,,,Good,,,,,,4.0,Medium,Operations performing within expected range
2025-05-08,1056,75.87026515151516,74.0,9.333248106060607,4.635700757575758,11.8125,None,False,Jam,Windy,1.062,,,,,,,,,,,,,,,Good,,,,,,6.0,Medium,Increase route optimization and dispatch monitoring
2025-05-09,1054,75.37950664136622,73.0,9.071631878557875,4.614231499051233,11.742884250474383,None,False,Jam,Sandstorms,1.06,,,,,,,,,,,,,,,Good,,,,,,6.0,Medium,Increase route optimization and dispatch monitoring
2025-05-10,1118,75.80590339892666,74.0,8.710008944543828,4.627728085867621,11.838998211091234,None,False,Jam,Windy,1.125,,,,,,,,,,,,,,,Good,,,,,,6.0,Medium,Increase route optimization and dispatch monitoring
2025-05-11,879,71.66780432309443,69.0,8.917815699658703,4.619795221843003,11.641638225255972,None,False,Jam,Sunny,0.8840000000000001,,,,,,,,,,,,,,,Good,,,,,,5.0,Medium,Increase route optimization and dispatch monitoring
2025-05-12,983,74.0325534079349,72.0,8.833794506612412,4.619735503560529,11.80061037639878,None,False,Jam,Cloudy,0.989,,,,,,,,,,,,,,,Good,,,,,,6.0,Medium,Increase route optimization and dispatch monitoring
2025-05-13,858,69.9895104895105,67.0,8.824184149184148,4.623193473193473,11.347319347319347,None,False,Low,Sunny,0.863,,,,,,,,,,,,,,,Good,,,,,,3.0,Low,Operations performing within expected range
2025-05-14,952,72.15231092436974,68.0,8.849674369747898,4.617226890756303,11.5609243697479,None,False,Low,Sandstorms,0.958,,,,,,,,,,,,,,,Good,,,,,,3.0,Low,Operations performing within expected range
2025-05-15,1131,75.40406719717065,72.0,8.784756852343058,4.621220159151194,11.762157382847038,None,False,Jam,Sunny,1.138,,,,,,,,,,,,,,,Good,,,,,,6.0,Medium,Increase route optimization and dispatch monitoring
2025-05-16,1159,75.51596203623814,73.0,8.672157031924073,4.614840379637619,11.732528041415012,None,False,Jam,Cloudy,1.166,,,,,,,,,,,,,,,Good,,,,,,7.0,High,Increase route optimization and dispatch monitoring
2025-05-17,981,73.33129459734964,70.0,8.957023445463813,4.630682976554536,11.693170234454637,None,False,Jam,Stormy,0.987,,,,,,,,,,,,,,,Good,,,,,,6.0,Medium,Increase route optimization and dispatch monitoring
2025-05-18,907,72.42116868798236,69.0,9.115843439911798,4.626460859977949,11.674751929437706,None,False,Jam,Sunny,0.9120000000000001,,,,,,,,,,,,,,,Good,,,,,,5.0,Medium,Increase route optimization and dispatch monitoring
2025-05-19,808,71.46782178217822,68.0,9.240569306930693,4.628465346534654,11.629950495049505,None,False,Jam,Fog,0.813,,,,,,,,,,,,,,,Good,,,,,,6.0,Medium,Increase route optimization and dispatch monitoring
2025-05-20,976,73.19262295081967,71.0,8.814231557377049,4.615983606557377,11.744877049180328,None,False,Jam,Windy,0.982,,,,,,,,,,,,,,,Good,,,,,,5.0,Medium,Increase route optimization and dispatch monitoring
2025-05-21,1292,80.85061919504643,78.5,9.114117647058825,4.620201238390093,12.120743034055728,None,False,Jam,Stormy,1.3,,,,,,,,,,,,,,,Warning,,,,,,7.0,High,Increase route optimization and dispatch monitoring
2025-05-22,1056,74.94507575757575,71.5,8.796496212121212,4.617708333333334,11.5625,None,False,Jam,Fog,1.062,,,,,,,,,,,,,,,Good,,,,,,6.0,Medium,Increase route optimization and dispatch monitoring
2025-05-23,1035,75.29082125603864,73.0,9.084927536231884,4.617101449275362,11.829951690821256,None,False,Jam,Windy,1.041,,,,,,,,,,,,,,,Good,,,,,,6.0,Medium,Increase route optimization and dispatch monitoring
2025-05-24,1080,75.43703703703704,74.0,8.834231481481481,4.628055555555556,11.889814814814814,None,False,Jam,Stormy,1.087,,,,,,,,,,,,,,,Good,,,,,,7.0,High,Increase route optimization and dispatch monitoring
2025-05-25,903,71.91140642303434,70.0,8.874407530454043,4.628571428571429,11.623477297895903,None,False,Jam,Stormy,0.908,,,,,,,,,,,,,,,Good,,,,,,6.0,Medium,Increase route optimization and dispatch monitoring
2025-05-26,987,74.59777102330294,72.0,9.113515704154002,4.62644376899696,11.804457953394124,None,False,Jam,Sunny,0.993,,,,,,,,,,,,,,,Good,,,,,,5.0,Medium,Increase route optimization and dispatch monitoring
2025-05-27,1029,73.78620019436346,71.0,8.826413994169096,4.616909620991254,11.810495626822158,None,False,Jam,Cloudy,1.035,,,,,,,,,,,,,,,Good,,,,,,6.0,Medium,Increase route optimization and dispatch monitoring
2025-05-28,1076,73.72769516728624,71.0,8.831626394052044,4.617193308550187,11.448884758364311,None,False,Jam,Fog,1.082,,,,,,,,,,,,,,,Good,,,,,,6.0,Medium,Increase route optimization and dispatch monitoring
2025-05-29,1086,76.8232044198895,74.0,9.287771639042358,4.624677716390424,11.829650092081032,None,False,Jam,Fog,1.093,,,,,,,,,,,,,,,Good,,,,,,7.0,High,Increase route optimization and dispatch monitoring
2025-05-30,1114,75.01526032315978,73.0,8.52834829443447,4.635547576301616,11.85637342908438,None,False,Jam,Stormy,1.121,,,,,,,,,,,,,,,Good,,,,,,7.0,High,Increase route optimization and dispatch monitoring
2025-05-31,1099,75.61874431301183,73.0,9.001956323930846,4.613830755232029,11.979071883530482,None,False,Jam,Fog,1.106,,,,,,,,,,,,,,,Good,,,,,,7.0,High,Increase route optimization and dispatch monitoring
2025-06-01,938,76.51705756929637,74.0,8.604008528784648,4.625692963752665,13.82409381663113,None,True,Jam,Cloudy,0.944,,,,,,,,,,,,,,,Good,,,,,,8.0,High,Increase route optimization and dispatch monitoring | Prepare monsoon contingency capacity
2025-06-02,1042,81.04126679462571,79.0,9.319107485604606,4.626871401151631,14.020153550863723,None,True,Jam,Stormy,1.048,,,,,,,,,,,,,,,Warning,,,,,,8.0,High,Increase route optimization and dispatch monitoring | Prepare monsoon contingency capacity
2025-06-03,1110,81.7009009009009,78.5,9.100792792792792,4.620630630630631,14.20990990990991,None,True,Jam,Cloudy,1.117,,,,,,,,,,,,,,,Warning,,,,,,8.0,High,Increase route optimization and dispatch monitoring | Prepare monsoon contingency capacity
2025-06-04,961,79.04162330905307,76.0,9.073943808532778,4.6300728407908425,13.49531737773153,None,True,Jam,Cloudy,0.967,,,,,,,,,,,,,,,Good,,,,,,8.0,High,Increase route optimization and dispatch monitoring | Prepare monsoon contingency capacity
2025-06-05,913,74.6867469879518,72.0,8.377152245345016,4.629572836801753,13.405257393209201,None,True,Low,Cloudy,0.919,,,,,,,,,,,,,,,Good,,,,,,5.0,Medium,Prepare monsoon contingency capacity
2025-06-06,1153,82.47267996530789,80.0,9.019176062445794,4.6196877710320905,13.993061578490893,None,True,Jam,Cloudy,1.16,,,,,,,,,,,,,,,Warning,,,,,,8.0,High,Increase route optimization and dispatch monitoring | Prepare monsoon contingency capacity
2025-06-07,987,78.34853090172238,76.0,8.989939209726444,4.616008105369808,13.826747720364741,None,True,Jam,Cloudy,0.993,,,,,,,,,,,,,,,Good,,,,,,8.0,High,Increase route optimization and dispatch monitoring | Prepare monsoon contingency capacity
2025-06-08,1104,81.79347826086956,80.0,8.948958333333334,4.616032608695653,14.214673913043478,None,True,Jam,Cloudy,1.111,,,,,,,,,,,,,,,Warning,,,,,,8.0,High,Increase route optimization and dispatch monitoring | Prepare monsoon contingency capacity
2025-06-09,939,77.92012779552715,75.0,9.18027689030884,4.623748668796592,13.703940362087327,None,True,Jam,Cloudy,0.945,,,,,,,,,,,,,,,Good,,,,,,8.0,High,Increase route optimization and dispatch monitoring | Prepare monsoon contingency capacity
2025-06-10,1098,80.63387978142076,79.0,8.71153005464481,4.627686703096539,13.948998178506375,None,True,Jam,Cloudy,1.105,,,,,,,,,,,,,,,Warning,,,,,,8.0,High,Increase route optimization and dispatch monitoring | Prepare monsoon contingency capacity
2025-06-11,1053,80.54036087369421,78.0,8.969819563152896,4.625925925925927,13.90693257359924,None,True,Jam,Stormy,1.059,,,,,,,,,,,,,,,Warning,,,,,,8.0,High,Increase route optimization and dispatch monitoring | Prepare monsoon contingency capacity
2025-06-12,1003,79.5024925224327,76.0,9.096241276171487,4.612562313060817,13.742771684945165,None,True,Jam,Stormy,1.009,,,,,,,,,,,,,,,Good,,,,,,8.0,High,Increase route optimization and dispatch monitoring | Prepare monsoon contingency capacity
2025-06-13,1174,84.13458262350937,81.0,9.168781942078365,4.6229982964224865,13.794718909710392,None,True,Jam,Stormy,1.181,,,,,,,,,,,,,,,Warning,,,,,,8.0,High,Increase route optimization and dispatch monitoring | Prepare monsoon contingency capacity
2025-06-14,974,79.75770020533881,77.0,9.094712525667351,4.620123203285421,13.947638603696099,None,True,Jam,Stormy,0.98,,,,,,,,,,,,,,,Good,,,,,,8.0,High,Increase route optimization and dispatch monitoring | Prepare monsoon contingency capacity
2025-06-15,918,77.03485838779956,74.0,8.870610021786492,4.617755991285404,13.809368191721132,None,True,Jam,Stormy,0.924,,,,,,,,,,,,,,,Good,,,,,,8.0,High,Increase route optimization and dispatch monitoring | Prepare monsoon contingency capacity
2025-06-16,939,77.80830670926518,76.0,8.997593184238552,4.614376996805111,13.980830670926517,None,True,Jam,Stormy,0.945,,,,,,,,,,,,,,,Good,,,,,,8.0,High,Increase route optimization and dispatch monitoring | Prepare monsoon contingency capacity
2025-06-17,1019,79.72325809617271,77.0,9.14388616290481,4.62414131501472,13.851815505397449,None,True,Jam,Sandstorms,1.025,,,,,,,,,,,,,,,Good,,,,,,7.0,High,Increase route optimization and dispatch monitoring | Prepare monsoon contingency capacity
2025-06-18,913,76.84227820372399,75.0,8.8552573932092,4.632311062431545,13.80722891566265,None,True,Jam,Stormy,0.919,,,,,,,,,,,,,,,Good,,,,,,8.0,High,Increase route optimization and dispatch monitoring | Prepare monsoon contingency capacity
2025-06-19,1034,79.42263056092844,77.0,9.001276595744681,4.631528046421663,13.502901353965184,None,True,Jam,Stormy,1.04,,,,,,,,,,,,,,,Good,,,,,,8.0,High,Increase route optimization and dispatch monitoring | Prepare monsoon contingency capacity
2025-06-20,998,78.61022044088176,75.0,8.825761523046094,4.618036072144289,13.95691382765531,None,True,Jam,Cloudy,1.004,,,,,,,,,,,,,,,Good,,,,,,8.0,High,Increase route optimization and dispatch monitoring | Prepare monsoon contingency capacity
2025-06-21,1096,81.26003649635037,79.0,9.321113138686131,4.61706204379562,13.988138686131387,None,True,Jam,Windy,1.103,,,,,,,,,,,,,,,Warning,,,,,,7.0,High,Increase route optimization and dispatch monitoring | Prepare monsoon contingency capacity
2025-06-22,804,76.88930348258707,74.0,9.221119402985074,4.623258706467662,13.805970149253731,None,True,Jam,Cloudy,0.809,,,,,,,,,,,,,,,Good,,,,,,8.0,High,Increase route optimization and dispatch monitoring | Prepare monsoon contingency capacity
2025-06-23,913,77.18181818181819,74.0,8.844676889375684,4.609309967141293,13.935377875136911,None,True,Jam,Stormy,0.919,,,,,,,,,,,,,,,Good,,,,,,8.0,High,Increase route optimization and dispatch monitoring | Prepare monsoon contingency capacity
2025-06-24,852,75.63849765258216,73.0,8.889870892018779,4.619483568075117,13.789906103286384,None,True,Jam,Stormy,0.857,,,,,,,,,,,,,,,Good,,,,,,8.0,High,Increase route optimization and dispatch monitoring | Prepare monsoon contingency capacity
2025-06-25,975,78.50564102564103,76.0,8.674646153846155,4.6141538461538465,14.022564102564102,None,True,Jam,Cloudy,0.981,,,,,,,,,,,,,,,Good,,,,,,8.0,High,Increase route optimization and dispatch monitoring | Prepare monsoon contingency capacity
2025-06-26,1004,78.59462151394422,76.5,8.766503984063744,4.617529880478088,13.54581673306773,None,True,Jam,Cloudy,1.01,,,,,,,,,,,,,,,Good,,,,,,8.0,High,Increase route optimization and dispatch monitoring | Prepare monsoon contingency capacity
2025-06-27,1029,80.1156462585034,78.0,8.761438289601555,4.6193391642371235,14.120505344995141,None,True,Jam,Cloudy,1.035,,,,,,,,,,,,,,,Warning,,,,,,8.0,High,Increase route optimization and dispatch monitoring | Prepare monsoon contingency capacity
2025-06-28,984,78.39735772357723,76.0,8.828272357723577,4.608028455284553,13.728658536585366,None,True,Jam,Cloudy,0.99,,,,,,,,,,,,,,,Good,,,,,,8.0,High,Increase route optimization and dispatch monitoring | Prepare monsoon contingency capacity
2025-06-29,982,79.5376782077393,77.0,9.359012219959267,4.619144602851324,13.509164969450103,None,True,Jam,Cloudy,0.988,,,,,,,,,,,,,,,Good,,,,,,8.0,High,Increase route optimization and dispatch monitoring | Prepare monsoon contingency capacity
2025-06-30,991,77.53481331987891,75.0,8.75770938446014,4.6181634712411705,13.753784056508577,None,True,Jam,Stormy,0.997,,,,,,,,,,,,,,,Good,,,,,,8.0,High,Increase route optimization and dispatch monitoring | Prepare monsoon contingency capacity
2025-07-01,887,76.44306651634724,74.0,8.82381059751973,4.627508455467869,13.715896279594137,None,True,Jam,Cloudy,0.8920000000000001,,,,,,,,,,,,,,,Good,,,,,,8.0,High,Increase route optimization and dispatch monitoring | Prepare monsoon contingency capacity
2025-07-02,1081,80.19981498612395,78.0,8.825883441258094,4.624144310823311,13.949121184088806,None,True,Jam,Stormy,1.088,,,,,,,,,,,,,,,Warning,,,,,,8.0,High,Increase route optimization and dispatch monitoring | Prepare monsoon contingency capacity
2025-07-03,1017,77.50737463126843,76.0,8.441386430678465,4.619665683382498,13.732546705998033,None,True,Jam,Cloudy,1.023,,,,,,,,,,,,,,,Good,,,,,,8.0,High,Increase route optimization and dispatch monitoring | Prepare monsoon contingency capacity
2025-07-04,1055,78.4047393364929,76.0,8.457526066350711,4.610236966824645,13.803791469194312,None,True,Jam,Stormy,1.061,,,,,,,,,,,,,,,Good,,,,,,8.0,High,Increase route optimization and dispatch monitoring | Prepare monsoon contingency capacity
2025-07-05,1028,79.2363813229572,76.0,8.926536964980544,4.618774319066148,13.609922178988327,None,True,Low,Cloudy,1.034,,,,,,,,,,,,,,,Good,,,,,,6.0,Medium,Prepare monsoon contingency capacity
2025-07-06,998,77.62625250501002,75.0,8.591002004008017,4.626753507014028,13.7124248496994,None,True,Jam,Stormy,1.004,,,,,,,,,,,,,,,Good,,,,,,8.0,High,Increase route optimization and dispatch monitoring | Prepare monsoon contingency capacity
2025-07-07,1111,82.07380738073807,79.0,9.051143114311431,4.6305130513051305,14.05940594059406,None,True,Jam,Cloudy,1.118,,,,,,,,,,,,,,,Warning,,,,,,8.0,High,Increase route optimization and dispatch monitoring | Prepare monsoon contingency capacity
2025-07-08,959,78.62565172054224,76.0,8.964421272158498,4.613868613138686,13.741397288842544,None,True,Jam,Cloudy,0.965,,,,,,,,,,,,,,,Good,,,,,,8.0,High,Increase route optimization and dispatch monitoring | Prepare monsoon contingency capacity
2025-07-09,999,78.33133133133133,76.0,8.86028028028028,4.604004004004004,13.673673673673674,None,True,Jam,Stormy,1.005,,,,,,,,,,,,,,,Good,,,,,,8.0,High,Increase route optimization and dispatch monitoring | Prepare monsoon contingency capacity
2025-07-10,908,76.59581497797357,74.0,8.75808370044053,4.631828193832599,13.552863436123348,None,True,Jam,Stormy,0.913,,,,,,,,,,,,,,,Good,,,,,,8.0,High,Increase route optimization and dispatch monitoring | Prepare monsoon contingency capacity
2025-07-11,940,78.09148936170213,75.0,9.118436170212766,4.63436170212766,13.892553191489363,None,True,Jam,Stormy,0.9460000000000001,,,,,,,,,,,,,,,Good,,,,,,8.0,High,Increase route optimization and dispatch monitoring | Prepare monsoon contingency capacity
2025-07-12,887,75.58962795941376,72.0,9.082220969560316,4.614092446448703,13.644870349492672,None,True,Jam,Stormy,0.8920000000000001,,,,,,,,,,,,,,,Good,,,,,,8.0,High,Increase route optimization and dispatch monitoring | Prepare monsoon contingency capacity
2025-07-13,907,76.32194046306505,74.0,8.988114663726572,4.628335170893053,13.599779492833518,None,True,Jam,Stormy,0.9120000000000001,,,,,,,,,,,,,,,Good,,,,,,8.0,High,Increase route optimization and dispatch monitoring | Prepare monsoon contingency capacity
2025-07-14,951,77.77917981072555,76.0,8.959200841219769,4.641745531019979,13.89484752891693,None,True,Jam,Stormy,0.957,,,,,,,,,,,,,,,Good,,,,,,8.0,High,Increase route optimization and dispatch monitoring | Prepare monsoon contingency capacity
2025-07-15,993,78.02316213494461,75.0,8.677069486404834,4.620040281973816,13.96676737160121,None,True,Jam,Stormy,0.999,,,,,,,,,,,,,,,Good,,,,,,8.0,High,Increase route optimization and dispatch monitoring | Prepare monsoon contingency capacity
2025-07-16,1029,78.24295432458698,76.0,8.581457725947521,4.635374149659864,13.72108843537415,None,True,Jam,Stormy,1.035,,,,,,,,,,,,,,,Good,,,,,,8.0,High,Increase route optimization and dispatch monitoring | Prepare monsoon contingency capacity
2025-07-17,908,76.3579295154185,73.0,8.538733480176212,4.608259911894273,13.940528634361234,None,True,Jam,Stormy,0.913,,,,,,,,,,,,,,,Good,,,,,,8.0,High,Increase route optimization and dispatch monitoring | Prepare monsoon contingency capacity
2025-07-18,1099,82.74613284804367,80.0,9.145122838944495,4.631665150136487,13.971792538671519,None,True,Jam,Sandstorms,1.106,,,,,,,,,,,,,,,Warning,,,,,,7.0,High,Increase route optimization and dispatch monitoring | Prepare monsoon contingency capacity
2025-07-19,1045,78.73014354066986,76.0,8.626153110047847,4.62555023923445,13.584688995215311,None,True,Jam,Cloudy,1.051,,,,,,,,,,,,,,,Good,,,,,,8.0,High,Increase route optimization and dispatch monitoring | Prepare monsoon contingency capacity
2025-07-20,964,76.9253112033195,74.0,8.847790456431536,4.631639004149378,13.883817427385893,None,True,Jam,Cloudy,0.97,,,,,,,,,,,,,,,Good,,,,,,8.0,High,Increase route optimization and dispatch monitoring | Prepare monsoon contingency capacity
2025-07-21,907,76.42227122381477,75.0,8.956923925027564,4.62425578831312,13.63947078280044,None,True,Jam,Cloudy,0.9120000000000001,,,,,,,,,,,,,,,Good,,,,,,8.0,High,Increase route optimization and dispatch monitoring | Prepare monsoon contingency capacity
2025-07-22,1010,79.23465346534654,77.0,8.905871287128713,4.6217821782178214,13.986138613861387,None,True,Jam,Cloudy,1.016,,,,,,,,,,,,,,,Good,,,,,,8.0,High,Increase route optimization and dispatch monitoring | Prepare monsoon contingency capacity
2025-07-23,1041,79.9077809798271,78.0,9.15314121037464,4.6139289145052835,13.903938520653218,None,True,Jam,Stormy,1.047,,,,,,,,,,,,,,,Good,,,,,,8.0,High,Increase route optimization and dispatch monitoring | Prepare monsoon contingency capacity
2025-07-24,855,74.9251461988304,73.0,8.794994152046783,4.629590643274854,13.64561403508772,None,True,Low,Stormy,0.86,,,,,,,,,,,,,,,Good,,,,,,5.0,Medium,Prepare monsoon contingency capacity
2025-07-25,1020,79.00784313725491,77.5,8.738127450980391,4.6275490196078435,13.653921568627451,None,True,Jam,Cloudy,1.026,,,,,,,,,,,,,,,Good,,,,,,8.0,High,Increase route optimization and dispatch monitoring | Prepare monsoon contingency capacity
2025-07-26,1008,79.26488095238095,77.5,8.679771825396825,4.6251984126984125,14.140873015873016,None,True,Jam,Stormy,1.014,,,,,,,,,,,,,,,Good,,,,,,8.0,High,Increase route optimization and dispatch monitoring | Prepare monsoon contingency capacity
2025-07-27,907,77.83241455347299,75.0,8.859592061742006,4.6221609702315325,14.277839029768467,None,True,Jam,Cloudy,0.9120000000000001,,,,,,,,,,,,,,,Good,,,,,,8.0,High,Increase route optimization and dispatch monitoring | Prepare monsoon contingency capacity
2025-07-28,972,77.26440329218107,74.0,8.868395061728394,4.615843621399177,13.69238683127572,None,True,Jam,Stormy,0.978,,,,,,,,,,,,,,,Good,,,,,,8.0,High,Increase route optimization and dispatch monitoring | Prepare monsoon contingency capacity
2025-07-29,855,75.29590643274854,74.0,9.13561403508772,4.622923976608187,13.612865497076024,None,True,Jam,Stormy,0.86,,,,,,,,,,,,,,,Good,,,,,,8.0,High,Increase route optimization and dispatch monitoring | Prepare monsoon contingency capacity
2025-07-30,1136,81.16725352112677,80.0,8.885765845070422,4.625352112676056,13.536971830985916,None,True,Jam,Cloudy,1.143,,,,,,,,,,,,,,,Warning,,,,,,8.0,High,Increase route optimization and dispatch monitoring | Prepare monsoon contingency capacity
2025-07-31,1065,80.11737089201878,78.0,8.927849765258216,4.635680751173709,13.769953051643192,None,True,Jam,Cloudy,1.071,,,,,,,,,,,,,,,Warning,,,,,,8.0,High,Increase route optimization and dispatch monitoring | Prepare monsoon contingency capacity
2025-08-01,1017,78.93411996066864,77.0,8.838918387413964,4.628416912487709,13.816125860373647,None,True,Jam,Cloudy,1.023,,,,,,,,,,,,,,,Good,,,,,,8.0,High,Increase route optimization and dispatch monitoring | Prepare monsoon contingency capacity
2025-08-02,1027,80.31645569620254,79.0,9.168841285296981,4.62667964946446,13.633885102239532,None,True,Jam,Cloudy,1.033,,,,,,,,,,,,,,,Warning,,,,,,8.0,High,Increase route optimization and dispatch monitoring | Prepare monsoon contingency capacity
2025-08-03,798,76.3546365914787,73.0,8.8396992481203,4.616917293233083,13.778195488721805,None,True,Jam,Cloudy,0.8029999999999999,,,,,,,,,,,,,,,Good,,,,,,8.0,High,Increase route optimization and dispatch monitoring | Prepare monsoon contingency capacity
2025-08-04,879,76.5745164960182,75.0,9.131171786120591,4.6285551763367465,13.546075085324231,None,True,Jam,Stormy,0.8840000000000001,,,,,,,,,,,,,,,Good,,,,,,8.0,High,Increase route optimization and dispatch monitoring | Prepare monsoon contingency capacity
2025-08-05,956,78.92259414225941,77.0,8.87739539748954,4.623849372384937,14.089958158995817,None,True,Jam,Sandstorms,0.9619999999999999,,,,,,,,,,,,,,,Good,,,,,,7.0,High,Increase route optimization and dispatch monitoring | Prepare monsoon contingency capacity
2025-08-06,949,77.13382507903056,74.0,8.805479452054794,4.630031612223393,13.834562697576397,None,True,Jam,Cloudy,0.955,,,,,,,,,,,,,,,Good,,,,,,8.0,High,Increase route optimization and dispatch monitoring | Prepare monsoon contingency capacity
2025-08-07,1035,79.68888888888888,77.0,9.254386473429953,4.621159420289855,13.498550724637681,None,True,Jam,Cloudy,1.041,,,,,,,,,,,,,,,Good,,,,,,8.0,High,Increase route optimization and dispatch monitoring | Prepare monsoon contingency capacity
2025-08-08,1385,85.04765342960289,82.0,8.937985559566787,4.618050541516245,13.864259927797834,Raksha Bandhan,True,Jam,Cloudy,1.393,,,,,,,,,,,,,,,Warning,,,,,,9.0,High,Increase route optimization and dispatch monitoring | Investigate delivery delays and agent allocation | Prepare monsoon contingency capacity | Increase staffing for Raksha Bandhan demand
2025-08-09,1041,79.65129682997119,77.0,8.93494716618636,4.622190201729106,13.920268972142171,Raksha Bandhan,True,Jam,Stormy,1.047,,,,,,,,,,,,,,,Good,,,,,,9.0,High,Increase route optimization and dispatch monitoring | Prepare monsoon contingency capacity | Increase staffing for Raksha Bandhan demand
2025-08-10,1061,79.5296889726673,77.0,8.824099905749295,4.634872761545712,13.856738925541942,Raksha Bandhan,True,Jam,Stormy,1.067,,,,,,,,,,,,,,,Good,,,,,,9.0,High,Increase route optimization and dispatch monitoring | Prepare monsoon contingency capacity | Increase staffing for Raksha Bandhan demand
2025-08-11,988,78.63056680161944,75.0,8.9392004048583,4.625303643724696,13.683198380566802,None,True,Jam,Stormy,0.994,,,,,,,,,,,,,,,Good,,,,,,8.0,High,Increase route optimization and dispatch monitoring | Prepare monsoon contingency capacity
2025-08-12,1105,83.01628959276019,81.0,9.275891402714933,4.626334841628959,13.922171945701358,None,True,Jam,Cloudy,1.112,,,,,,,,,,,,,,,Warning,,,,,,8.0,High,Increase route optimization and dispatch monitoring | Prepare monsoon contingency capacity
2025-08-13,937,77.82283884738527,75.0,9.309807897545358,4.629669156883671,14.08110992529349,None,True,Jam,Stormy,0.9430000000000001,937.0,1040.0,937.0,1040.0,42.0,49.0,49.0,1225.0,185.0,Normal,84.9,-103.0,-288.0,2025-08,Good,-103.0,103.0,10.992529348986126,288.0,Optimal,8.0,High,Increase route optimization and dispatch monitoring | Prepare monsoon contingency capacity
2025-08-14,999,77.81881881881881,74.0,8.7107007007007,4.6215215215215215,13.646646646646646,None,True,Jam,Stormy,1.005,999.0,991.0,999.0,991.0,40.0,46.0,47.0,1175.0,184.0,Normal,84.34,8.0,-176.0,2025-08,Good,8.0,8.0,0.8008008008008007,176.0,Optimal,8.0,High,Increase route optimization and dispatch monitoring | Prepare monsoon contingency capacity
2025-08-15,1190,83.46638655462185,80.0,8.922285714285715,4.628739495798319,14.05798319327731,None,True,Jam,Stormy,1.197,1190.0,1044.0,1190.0,1044.0,42.0,49.0,50.0,1250.0,206.0,Normal,83.52,146.0,-60.0,2025-08,Warning,146.0,146.0,12.26890756302521,60.0,Optimal,9.0,High,Increase route optimization and dispatch monitoring | Prepare monsoon contingency capacity
2025-08-16,867,75.5674740484429,74.0,8.725374855824683,4.614763552479816,13.899653979238755,None,True,Jam,Cloudy,0.872,867.0,1057.0,867.0,1057.0,43.0,50.0,50.0,1250.0,193.0,Normal,84.56,-190.0,-383.0,2025-08,Good,-190.0,190.0,21.91464821222607,383.0,Optimal,8.0,High,Increase route optimization and dispatch monitoring | Prepare monsoon contingency capacity
2025-08-17,888,75.48085585585585,73.0,8.733918918918919,4.6233108108108105,13.626126126126126,None,True,Jam,Cloudy,0.893,888.0,955.0,888.0,955.0,39.0,45.0,45.0,1125.0,170.0,Normal,84.89,-67.0,-237.0,2025-08,Good,-67.0,67.0,7.545045045045046,237.0,Optimal,8.0,High,Increase route optimization and dispatch monitoring | Prepare monsoon contingency capacity
2025-08-18,937,76.52081109925294,75.0,8.939679829242262,4.629348986125934,13.534685165421559,None,True,Jam,Stormy,0.9430000000000001,937.0,952.0,937.0,952.0,39.0,45.0,45.0,1125.0,173.0,Normal,84.62,-15.0,-188.0,2025-08,Good,-15.0,15.0,1.6008537886872998,188.0,Optimal,8.0,High,Increase route optimization and dispatch monitoring | Prepare monsoon contingency capacity
2025-08-19,940,79.35212765957446,77.0,8.95218085106383,4.614148936170213,14.1,None,True,Jam,Cloudy,0.9460000000000001,940.0,973.0,940.0,973.0,39.0,45.0,46.0,1150.0,177.0,Normal,84.61,-33.0,-210.0,2025-08,Good,-33.0,33.0,3.5106382978723407,210.0,Optimal,8.0,High,Increase route optimization and dispatch monitoring | Prepare monsoon contingency capacity
2025-08-20,1107,80.88256549232159,78.0,8.752682926829268,4.621047877145438,13.815718157181571,None,True,Jam,Stormy,1.114,1107.0,998.0,1107.0,998.0,40.0,46.0,47.0,1175.0,177.0,Normal,84.94,109.0,-68.0,2025-08,Warning,109.0,109.0,9.84643179765131,68.0,Optimal,9.0,High,Increase route optimization and dispatch monitoring | Prepare monsoon contingency capacity
2025-08-21,999,78.2062062062062,76.0,8.983953953953954,4.621121121121121,13.624624624624625,None,True,Low,Stormy,1.005,999.0,1033.0,999.0,1033.0,42.0,49.0,49.0,1225.0,192.0,Normal,84.33,-34.0,-226.0,2025-08,Good,-34.0,34.0,3.4034034034034035,226.0,Optimal,6.0,Medium,Prepare monsoon contingency capacity
2025-08-22,892,76.98654708520179,73.5,9.149080717488788,4.617488789237668,13.649103139013453,None,True,Jam,Windy,0.897,892.0,1001.0,892.0,1001.0,41.0,48.0,48.0,1200.0,199.0,Normal,83.42,-109.0,-308.0,2025-08,Good,-109.0,109.0,12.219730941704036,308.0,Optimal,7.0,High,Increase route optimization and dispatch monitoring | Prepare monsoon contingency capacity
2025-08-23,1042,79.33781190019194,77.0,8.798704414587332,4.633973128598849,13.739923224568138,None,True,Jam,Cloudy,1.048,1042.0,951.0,1042.0,951.0,39.0,45.0,45.0,1125.0,174.0,Normal,84.53,91.0,-83.0,2025-08,Good,91.0,91.0,8.73320537428023,83.0,Optimal,9.0,High,Increase route optimization and dispatch monitoring | Prepare monsoon contingency capacity
2025-08-24,944,78.53072033898304,75.5,8.867489406779661,4.629766949152542,14.024364406779661,None,True,Jam,Cloudy,0.95,944.0,956.0,944.0,956.0,39.0,45.0,45.0,1125.0,169.0,Normal,84.98,-12.0,-181.0,2025-08,Good,-12.0,12.0,1.2711864406779663,181.0,Optimal,8.0,High,Increase route optimization and dispatch monitoring | Prepare monsoon contingency capacity
2025-08-25,1070,79.81028037383177,77.0,9.112785046728971,4.621775700934579,13.719626168224298,None,True,Jam,Cloudy,1.076,1070.0,940.0,1070.0,940.0,38.0,44.0,45.0,1125.0,185.0,Normal,83.56,130.0,-55.0,2025-08,Good,130.0,130.0,12.149532710280374,55.0,Optimal,9.0,High,Increase route optimization and dispatch monitoring | Prepare monsoon contingency capacity
2025-08-26,932,77.67918454935622,75.0,9.008937768240344,4.6312231759656655,13.685622317596566,None,True,Jam,Cloudy,0.9379999999999998,932.0,1021.0,932.0,1021.0,41.0,48.0,49.0,1225.0,204.0,Normal,83.35,-89.0,-293.0,2025-08,Good,-89.0,89.0,9.549356223175966,293.0,Optimal,8.0,High,Increase route optimization and dispatch monitoring | Prepare monsoon contingency capacity
2025-08-27,987,78.13779128672746,75.0,8.985896656534955,4.609017223910842,13.738601823708207,None,True,Jam,Stormy,0.993,987.0,981.0,987.0,981.0,40.0,46.0,47.0,1175.0,194.0,Normal,83.49,6.0,-188.0,2025-08,Good,6.0,6.0,0.60790273556231,188.0,Optimal,8.0,High,Increase route optimization and dispatch monitoring | Prepare monsoon contingency capacity
2025-08-28,1023,79.46823069403715,77.0,8.892746823069404,4.628152492668622,13.928641251221896,None,True,Jam,Cloudy,1.029,1023.0,1005.0,1023.0,1005.0,41.0,48.0,48.0,1200.0,195.0,Normal,83.75,18.0,-177.0,2025-08,Good,18.0,18.0,1.7595307917888565,177.0,Optimal,8.0,High,Increase route optimization and dispatch monitoring | Prepare monsoon contingency capacity
2025-08-29,1104,80.26177536231884,78.0,8.881748188405798,4.621376811594203,13.773550724637682,None,True,Jam,Stormy,1.111,1104.0,970.0,1104.0,970.0,39.0,45.0,46.0,1150.0,180.0,Normal,84.35,134.0,-46.0,2025-08,Warning,134.0,134.0,12.13768115942029,46.0,Optimal,9.0,High,Increase route optimization and dispatch monitoring | Prepare monsoon contingency capacity
2025-08-30,1037,79.01253616200579,76.0,8.85261330761813,4.622468659594985,13.698167791706847,None,True,Jam,Stormy,1.043,1037.0,1030.0,1037.0,1030.0,42.0,49.0,49.0,1225.0,195.0,Normal,84.08,7.0,-188.0,2025-08,Good,7.0,7.0,0.6750241080038573,188.0,Optimal,8.0,High,Increase route optimization and dispatch monitoring | Prepare monsoon contingency capacity
2025-08-31,858,75.65734265734265,73.0,9.001981351981351,4.6245920745920746,13.618881118881118,None,True,Low,Cloudy,0.863,858.0,1025.0,858.0,1025.0,41.0,48.0,49.0,1225.0,200.0,Normal,83.67,-167.0,-367.0,2025-08,Good,-167.0,167.0,19.46386946386946,367.0,Optimal,6.0,Medium,Prepare monsoon contingency capacity
2025-09-01,1045,80.04593301435406,78.0,9.11128229665072,4.6351196172248805,14.08421052631579,None,True,Jam,Cloudy,1.051,1045.0,999.0,1045.0,999.0,40.0,46.0,48.0,1200.0,201.0,Normal,83.25,46.0,-155.0,2025-09,Warning,46.0,46.0,4.401913875598086,155.0,Optimal,8.0,High,Increase route optimization and dispatch monitoring | Prepare monsoon contingency capacity
2025-09-02,928,77.87068965517241,76.0,8.972155172413792,4.608081896551725,13.997844827586206,None,True,Jam,Stormy,0.934,928.0,1008.0,928.0,1008.0,41.0,48.0,48.0,1200.0,192.0,Normal,84.0,-80.0,-272.0,2025-09,Good,-80.0,80.0,8.620689655172415,272.0,Optimal,8.0,High,Increase route optimization and dispatch monitoring | Prepare monsoon contingency capacity
2025-09-03,1094,80.17184643510055,79.0,8.630959780621573,4.622943327239488,13.816270566727605,None,True,Jam,Stormy,1.101,1094.0,1019.0,1094.0,1019.0,41.0,48.0,48.0,1200.0,181.0,Normal,84.92,75.0,-106.0,2025-09,Warning,75.0,75.0,6.855575868372943,106.0,Optimal,8.0,High,Increase route optimization and dispatch monitoring | Prepare monsoon contingency capacity
2025-09-04,896,77.109375,74.0,8.861294642857143,4.620535714285714,14.022321428571429,None,True,Jam,Cloudy,0.901,896.0,1019.0,896.0,1019.0,41.0,48.0,48.0,1200.0,181.0,Normal,84.92,-123.0,-304.0,2025-09,Good,-123.0,123.0,13.727678571428573,304.0,Optimal,8.0,High,Increase route optimization and dispatch monitoring | Prepare monsoon contingency capacity
2025-09-05,1112,81.58723021582733,80.0,8.699676258992806,4.624100719424461,14.036870503597122,None,True,Jam,Stormy,1.119,1112.0,1018.0,1112.0,1018.0,41.0,48.0,48.0,1200.0,182.0,Normal,84.83,94.0,-88.0,2025-09,Warning,94.0,94.0,8.453237410071942,88.0,Optimal,9.0,High,Increase route optimization and dispatch monitoring | Prepare monsoon contingency capacity
2025-09-06,966,78.58488612836439,76.0,8.9624016563147,4.613457556935818,13.727743271221533,None,True,Jam,Cloudy,0.972,966.0,1052.0,966.0,1052.0,43.0,50.0,50.0,1250.0,198.0,Normal,84.16,-86.0,-284.0,2025-09,Good,-86.0,86.0,8.902691511387163,284.0,Optimal,8.0,High,Increase route optimization and dispatch monitoring | Prepare monsoon contingency capacity
2025-09-07,917,76.57033805888767,74.0,8.784612868047983,4.605016357688114,13.887677208287895,None,True,Jam,Stormy,0.923,917.0,948.0,917.0,948.0,38.0,44.0,45.0,1125.0,177.0,Normal,84.27,-31.0,-208.0,2025-09,Good,-31.0,31.0,3.380588876772083,208.0,Optimal,8.0,High,Increase route optimization and dispatch monitoring | Prepare monsoon contingency capacity
2025-09-08,1059,79.31822474032106,76.0,8.870236071765817,4.613314447592068,13.723323890462702,None,True,Jam,Cloudy,1.065,1059.0,996.0,1059.0,996.0,40.0,46.0,47.0,1175.0,179.0,Normal,84.77,63.0,-116.0,2025-09,Good,63.0,63.0,5.94900849858357,116.0,Optimal,8.0,High,Increase route optimization and dispatch monitoring | Prepare monsoon contingency capacity
2025-09-09,1032,79.56976744186046,76.0,9.052131782945736,4.641375968992247,13.955426356589147,None,True,Jam,Stormy,1.038,1032.0,1017.0,1032.0,1017.0,41.0,48.0,48.0,1200.0,183.0,Normal,84.75,15.0,-168.0,2025-09,Good,15.0,15.0,1.4534883720930232,168.0,Optimal,8.0,High,Increase route optimization and dispatch monitoring | Prepare monsoon contingency capacity
2025-09-10,1021,79.34476003917727,77.0,8.954289911851125,4.619098922624878,13.882468168462292,None,True,Jam,Cloudy,1.027,1021.0,1008.0,1021.0,1008.0,41.0,48.0,48.0,1200.0,192.0,Normal,84.0,13.0,-179.0,2025-09,Good,13.0,13.0,1.2732615083251715,179.0,Optimal,8.0,High,Increase route optimization and dispatch monitoring | Prepare monsoon contingency capacity
2025-09-11,1130,82.71681415929204,80.0,9.101442477876105,4.618672566371682,13.790265486725664,None,True,Jam,Cloudy,1.137,1130.0,976.0,1130.0,976.0,40.0,46.0,46.0,1150.0,174.0,Normal,84.87,154.0,-20.0,2025-09,Warning,154.0,154.0,13.628318584070797,20.0,Optimal,9.0,High,Increase route optimization and dispatch monitoring | Prepare monsoon contingency capacity
2025-09-12,1036,80.62741312741312,77.0,9.225888030888031,4.613030888030888,14.073359073359073,None,True,Jam,Cloudy,1.042,1036.0,1032.0,1036.0,1032.0,42.0,49.0,49.0,1225.0,193.0,Normal,84.24,4.0,-189.0,2025-09,Warning,4.0,4.0,0.3861003861003861,189.0,Optimal,8.0,High,Increase route optimization and dispatch monitoring | Prepare monsoon contingency capacity
2025-09-13,1036,80.16698841698842,78.0,9.179739382239381,4.626061776061777,13.769305019305019,None,True,Jam,Stormy,1.042,1036.0,1030.0,1036.0,1030.0,42.0,49.0,49.0,1225.0,195.0,Normal,84.08,6.0,-189.0,2025-09,Warning,6.0,6.0,0.5791505791505791,189.0,Optimal,8.0,High,Increase route optimization and dispatch monitoring | Prepare monsoon contingency capacity
2025-09-14,1046,80.8604206500956,79.0,8.96878585086042,4.628393881453155,13.890057361376673,None,True,Jam,Cloudy,1.052,1046.0,991.0,1046.0,991.0,40.0,46.0,47.0,1175.0,184.0,Normal,84.34,55.0,-129.0,2025-09,Warning,55.0,55.0,5.25812619502868,129.0,Optimal,8.0,High,Increase route optimization and dispatch monitoring | Prepare monsoon contingency capacity
2025-09-15,953,77.39559286463799,75.0,8.785362014690453,4.615215110178384,13.79433368310598,None,True,Jam,Stormy,0.9590000000000001,953.0,1033.0,953.0,1033.0,42.0,49.0,49.0,1225.0,192.0,Normal,84.33,-80.0,-272.0,2025-09,Good,-80.0,80.0,8.394543546694647,272.0,Optimal,8.0,High,Increase route optimization and dispatch monitoring | Prepare monsoon contingency capacity
2025-09-16,1051,80.20837297811607,77.0,9.166993339676498,4.618458610846813,13.606089438629876,None,True,Jam,Cloudy,1.057,1051.0,972.0,1051.0,972.0,39.0,45.0,46.0,1150.0,178.0,Normal,84.52,79.0,-99.0,2025-09,Warning,79.0,79.0,7.516650808753568,99.0,Optimal,9.0,High,Increase route optimization and dispatch monitoring | Prepare monsoon contingency capacity
2025-09-17,1029,81.02818270165209,78.0,9.287162293488825,4.611273080660836,13.573372206025267,None,True,Jam,Cloudy,1.035,1029.0,1016.0,1029.0,1016.0,41.0,48.0,48.0,1200.0,184.0,Normal,84.67,13.0,-171.0,2025-09,Warning,13.0,13.0,1.2633624878522838,171.0,Optimal,8.0,High,Increase route optimization and dispatch monitoring | Prepare monsoon contingency capacity
2025-09-18,980,78.28469387755102,75.0,8.946255102040816,4.613673469387755,13.744897959183673,None,True,Jam,Stormy,0.986,980.0,1032.0,980.0,1032.0,42.0,49.0,49.0,1225.0,193.0,Normal,84.24,-52.0,-245.0,2025-09,Good,-52.0,52.0,5.3061224489795915,245.0,Optimal,8.0,High,Increase route optimization and dispatch monitoring | Prepare monsoon contingency capacity
2025-09-19,1192,81.78187919463087,80.0,8.613456375838926,4.62751677852349,13.773489932885907,None,True,Jam,Cloudy,1.199,1192.0,1016.0,1192.0,1016.0,41.0,48.0,48.0,1200.0,184.0,Normal,84.67,176.0,-8.0,2025-09,Warning,176.0,176.0,14.76510067114094,8.0,Optimal,9.0,High,Increase route optimization and dispatch monitoring | Prepare monsoon contingency capacity
2025-09-20,948,78.11075949367088,75.0,9.003438818565401,4.616455696202531,13.722573839662447,None,True,Jam,Cloudy,0.954,948.0,1051.0,948.0,1051.0,43.0,50.0,50.0,1250.0,199.0,Normal,84.08,-103.0,-302.0,2025-09,Good,-103.0,103.0,10.864978902953586,302.0,Optimal,8.0,High,Increase route optimization and dispatch monitoring | Prepare monsoon contingency capacity
2025-09-21,826,75.66101694915254,73.0,8.728087167070218,4.634503631961259,13.714285714285714,None,True,Jam,Stormy,0.831,826.0,989.0,826.0,989.0,40.0,46.0,47.0,1175.0,186.0,Normal,84.17,-163.0,-349.0,2025-09,Good,-163.0,163.0,19.73365617433414,349.0,Optimal,8.0,High,Increase route optimization and dispatch monitoring | Prepare monsoon contingency capacity
2025-09-22,1133,80.19417475728156,77.0,8.596866725507502,4.613768755516328,14.015004413062666,None,True,Jam,Stormy,1.14,1133.0,964.0,1133.0,964.0,39.0,45.0,46.0,1150.0,186.0,Normal,83.83,169.0,-17.0,2025-09,Warning,169.0,169.0,14.916151809355693,17.0,Optimal,9.0,High,Increase route optimization and dispatch monitoring | Prepare monsoon contingency capacity
2025-09-23,1217,82.99342645850452,80.0,8.939276910435497,4.61380443714051,13.758422350041085,None,True,Jam,Cloudy,1.224,1217.0,1028.0,1217.0,1028.0,42.0,49.0,49.0,1225.0,197.0,Normal,83.92,189.0,-8.0,2025-09,Warning,189.0,189.0,15.52999178307313,8.0,Optimal,9.0,High,Increase route optimization and dispatch monitoring | Prepare monsoon contingency capacity
2025-09-24,1041,79.44092219020173,77.0,8.63884726224784,4.6268972142171,13.712776176753122,None,True,Jam,Cloudy,1.047,1041.0,1091.0,1041.0,1091.0,44.0,51.0,52.0,1300.0,209.0,Medium,83.92,-50.0,-259.0,2025-09,Good,-50.0,50.0,4.803073967339097,259.0,Optimal,8.0,High,Increase route optimization and dispatch monitoring | Prepare monsoon contingency capacity
2025-09-25,857,74.92532088681448,72.0,8.605309218203034,4.61610268378063,13.844807467911318,None,True,Jam,Cloudy,0.862,857.0,1050.0,857.0,1050.0,42.0,49.0,50.0,1250.0,200.0,Normal,84.0,-193.0,-393.0,2025-09,Good,-193.0,193.0,22.520420070011667,393.0,Optimal,7.0,High,Increase route optimization and dispatch monitoring | Prepare monsoon contingency capacity
2025-09-26,1048,80.45992366412214,78.0,9.204770992366413,4.622328244274809,13.78530534351145,None,True,Jam,Cloudy,1.054,1048.0,1031.0,1048.0,1031.0,42.0,49.0,49.0,1225.0,194.0,Normal,84.16,17.0,-177.0,2025-09,Warning,17.0,17.0,1.6221374045801527,177.0,Optimal,8.0,High,Increase route optimization and dispatch monitoring | Prepare monsoon contingency capacity
2025-09-27,1011,79.19287833827893,77.0,8.926884272997032,4.630365974282888,13.712166172106825,None,True,Low,Stormy,1.017,1011.0,1053.0,1011.0,1053.0,43.0,50.0,50.0,1250.0,197.0,Normal,84.24,-42.0,-239.0,2025-09,Good,-42.0,42.0,4.154302670623145,239.0,Optimal,6.0,Medium,Prepare monsoon contingency capacity
2025-09-28,1191,83.85558354324097,81.0,9.284357682619648,4.624685138539043,13.946263643996641,Dussehra,True,Jam,Cloudy,1.198,1191.0,1010.0,1191.0,1010.0,41.0,48.0,48.0,1200.0,190.0,Normal,84.17,181.0,-9.0,2025-09,Warning,181.0,181.0,15.197313182199832,9.0,Optimal,10.0,Critical,Increase route optimization and dispatch monitoring | Prepare monsoon contingency capacity | Increase staffing for Dussehra demand
2025-09-29,1079,81.08897126969416,79.0,9.088989805375348,4.622613531047266,13.918443002780352,Dussehra,True,Jam,Cloudy,1.086,1079.0,1074.0,1079.0,1074.0,43.0,50.0,51.0,1275.0,201.0,Normal,84.24,5.0,-196.0,2025-09,Warning,5.0,5.0,0.46339202965708987,196.0,Optimal,9.0,High,Increase route optimization and dispatch monitoring | Prepare monsoon contingency capacity | Increase staffing for Dussehra demand
2025-09-30,1253,84.22346368715084,80.0,8.960391061452514,4.632003192338388,13.8268156424581,Dussehra,True,Jam,Cloudy,1.261,1253.0,1061.0,1253.0,1061.0,43.0,50.0,50.0,1250.0,189.0,Normal,84.88,192.0,3.0,2025-09,Warning,192.0,192.0,15.323224261771747,-3.0,Optimal,12.0,Critical,Increase route optimization and dispatch monitoring | Prepare monsoon contingency capacity | Increase staffing for Dussehra demand | Add delivery capacity immediately
2025-10-01,1428,80.5798319327731,77.5,9.092485994397759,4.6269607843137255,11.96218487394958,Dussehra,False,Jam,Fog,1.437,1428.0,1216.0,1428.0,1216.0,49.0,57.0,58.0,1450.0,234.0,High,83.86,212.0,-22.0,2025-10,Warning,212.0,212.0,14.84593837535014,22.0,Optimal,9.0,High,Increase route optimization and dispatch monitoring | Increase staffing for Dussehra demand
2025-10-02,1139,77.07813871817383,74.0,8.99142230026339,4.62379280070237,11.87532923617208,Dussehra,False,Jam,Windy,1.146,1139.0,1360.0,1139.0,1360.0,55.0,64.0,64.0,1600.0,240.0,High,85.0,-221.0,-461.0,2025-10,Good,-221.0,221.0,19.402985074626866,461.0,Optimal,7.0,High,Increase route optimization and dispatch monitoring | Increase staffing for Dussehra demand
2025-10-03,1447,80.18659295093296,77.0,8.981997235659987,4.629025570145128,11.904630269523151,Dussehra,False,Jam,Sandstorms,1.456,1447.0,1112.0,1447.0,1112.0,45.0,52.0,53.0,1325.0,213.0,Medium,83.92,335.0,122.0,2025-10,Warning,335.0,335.0,23.151347615756737,-122.0,Optimal,10.0,Critical,Increase route optimization and dispatch monitoring | Increase staffing for Dussehra demand | Add delivery capacity immediately
2025-10-04,1302,78.92396313364056,76.0,9.015552995391705,4.626497695852534,11.596006144393241,None,False,Jam,Fog,1.31,1302.0,1340.0,1302.0,1340.0,54.0,63.0,64.0,1600.0,260.0,High,83.75,-38.0,-298.0,2025-10,Good,-38.0,38.0,2.9185867895545314,298.0,Optimal,7.0,High,Increase route optimization and dispatch monitoring
2025-10-05,1123,77.3285841495993,75.0,8.891077471059662,4.630008904719501,12.172751558325913,None,False,Jam,Fog,1.13,1123.0,1150.0,1123.0,1150.0,46.0,53.0,55.0,1375.0,225.0,Medium,83.64,-27.0,-252.0,2025-10,Good,-27.0,27.0,2.404274265360641,252.0,Optimal,7.0,High,Increase route optimization and dispatch monitoring
2025-10-06,1056,74.96117424242425,73.0,9.111590909090909,4.622537878787878,11.40814393939394,None,False,Jam,Sandstorms,1.062,1056.0,1095.0,1056.0,1095.0,44.0,51.0,52.0,1300.0,205.0,Medium,84.23,-39.0,-244.0,2025-10,Good,-39.0,39.0,3.6931818181818183,244.0,Optimal,5.0,Medium,Increase route optimization and dispatch monitoring
2025-10-07,1084,76.31734317343174,74.0,8.921863468634685,4.63819188191882,11.90590405904059,None,False,Jam,Stormy,1.091,1084.0,1093.0,1084.0,1093.0,44.0,51.0,52.0,1300.0,207.0,Medium,84.08,-9.0,-216.0,2025-10,Good,-9.0,9.0,0.8302583025830259,216.0,Optimal,7.0,High,Increase route optimization and dispatch monitoring
2025-10-08,1220,77.68196721311476,76.0,8.895155737704918,4.627540983606558,11.820491803278689,None,False,Jam,Fog,1.227,1220.0,1094.0,1220.0,1094.0,44.0,51.0,52.0,1300.0,206.0,Medium,84.15,126.0,-80.0,2025-10,Good,126.0,126.0,10.327868852459018,80.0,Optimal,8.0,High,Increase route optimization and dispatch monitoring
2025-10-09,945,72.78412698412698,71.0,9.080275132275133,4.626984126984127,11.876190476190477,None,False,Jam,Stormy,0.951,945.0,1193.0,945.0,1193.0,48.0,56.0,57.0,1425.0,232.0,High,83.72,-248.0,-480.0,2025-10,Good,-248.0,248.0,26.24338624338624,480.0,Optimal,6.0,Medium,Increase route optimization and dispatch monitoring
2025-10-10,1178,77.67402376910017,75.0,9.096799660441427,4.6260611205432935,11.831918505942275,None,False,Jam,Stormy,1.185,1178.0,1096.0,1178.0,1096.0,44.0,51.0,52.0,1300.0,204.0,Medium,84.31,82.0,-122.0,2025-10,Good,82.0,82.0,6.960950764006792,122.0,Optimal,7.0,High,Increase route optimization and dispatch monitoring
2025-10-11,1084,73.24815498154982,70.0,8.503911439114392,4.621863468634687,11.469557195571955,None,False,Low,Sandstorms,1.091,1084.0,1086.0,1084.0,1086.0,44.0,51.0,52.0,1300.0,214.0,Normal,83.54,-2.0,-216.0,2025-10,Good,-2.0,2.0,0.18450184501845018,216.0,Optimal,3.0,Low,Operations performing within expected range
2025-10-12,1272,78.63915094339623,76.0,8.852877358490566,4.619889937106918,11.70754716981132,None,False,Jam,Cloudy,1.28,1272.0,1048.0,1272.0,1048.0,42.0,49.0,50.0,1250.0,202.0,Normal,83.84,224.0,22.0,2025-10,Good,224.0,224.0,17.61006289308176,-22.0,Optimal,10.0,Critical,Increase route optimization and dispatch monitoring | Add delivery capacity immediately
2025-10-13,1071,74.66293183940243,72.0,8.741932773109244,4.6267973856209155,11.844070961718021,None,False,Jam,Sunny,1.077,1071.0,1185.0,1071.0,1185.0,48.0,56.0,56.0,1400.0,215.0,High,84.64,-114.0,-329.0,2025-10,Good,-114.0,114.0,10.644257703081232,329.0,Optimal,5.0,Medium,Increase route optimization and dispatch monitoring
2025-10-14,1244,78.47588424437299,76.0,8.758754019292605,4.629260450160772,11.655948553054662,None,False,Jam,Stormy,1.252,1244.0,1110.0,1244.0,1110.0,45.0,52.0,53.0,1325.0,215.0,Medium,83.77,134.0,-81.0,2025-10,Good,134.0,134.0,10.77170418006431,81.0,Optimal,8.0,High,Increase route optimization and dispatch monitoring
2025-10-15,1432,79.65921787709497,77.0,9.134916201117319,4.623114525139665,11.851256983240223,Diwali,False,Jam,Windy,1.441,1432.0,1214.0,1432.0,1214.0,49.0,57.0,58.0,1450.0,236.0,High,83.72,218.0,-18.0,2025-10,Good,218.0,218.0,15.223463687150836,18.0,Optimal,8.0,High,Increase route optimization and dispatch monitoring | Increase staffing for Diwali demand
2025-10-16,1550,79.98193548387097,77.0,8.964974193548388,4.626193548387097,11.958709677419355,Diwali,False,Jam,Cloudy,1.559,1550.0,1341.0,1550.0,1341.0,54.0,63.0,64.0,1600.0,259.0,High,83.81,209.0,-50.0,2025-10,Good,209.0,209.0,13.483870967741934,50.0,Optimal,9.0,High,Increase route optimization and dispatch monitoring | Increase staffing for Diwali demand
2025-10-17,1611,79.53879577901924,76.0,8.924351334574798,4.626070763500931,11.75356921166977,Diwali,False,Jam,Sunny,1.621,1611.0,1341.0,1611.0,1341.0,54.0,63.0,64.0,1600.0,259.0,High,83.81,270.0,11.0,2025-10,Good,270.0,270.0,16.75977653631285,-11.0,Optimal,10.0,Critical,Increase route optimization and dispatch monitoring | Increase staffing for Diwali demand | Add delivery capacity immediately
2025-10-18,1407,79.26936744847193,77.0,8.962267235252309,4.622814498933902,11.83084577114428,Diwali,False,Jam,Stormy,1.415,1407.0,1370.0,1407.0,1370.0,55.0,64.0,65.0,1625.0,255.0,High,84.31,37.0,-218.0,2025-10,Good,37.0,37.0,2.6297085998578535,218.0,Optimal,8.0,High,Increase route optimization and dispatch monitoring | Increase staffing for Diwali demand
2025-10-19,1518,79.59025032938077,76.5,8.799894598155468,4.619235836627141,11.742424242424242,Diwali,False,Jam,Cloudy,1.527,1518.0,1338.0,1518.0,1338.0,54.0,63.0,63.0,1575.0,237.0,High,84.95,180.0,-57.0,2025-10,Good,180.0,180.0,11.857707509881422,57.0,Optimal,9.0,High,Increase route optimization and dispatch monitoring | Increase staffing for Diwali demand
2025-10-20,1608,80.35509950248756,78.0,9.120603233830845,4.629166666666666,11.884950248756219,Diwali,False,Jam,Fog,1.618,1608.0,1296.0,1608.0,1296.0,52.0,60.0,61.0,1525.0,229.0,High,84.98,312.0,83.0,2025-10,Warning,312.0,312.0,19.402985074626866,-83.0,Optimal,11.0,Critical,Increase route optimization and dispatch monitoring | Increase staffing for Diwali demand | Add delivery capacity immediately
2025-10-21,1443,78.51975051975052,76.0,8.724151074151075,4.62966042966043,11.747747747747749,Diwali,False,Jam,Stormy,1.452,1443.0,1295.0,1443.0,1295.0,52.0,60.0,61.0,1525.0,230.0,High,84.92,148.0,-82.0,2025-10,Good,148.0,148.0,10.256410256410255,82.0,Optimal,9.0,High,Increase route optimization and dispatch monitoring | Increase staffing for Diwali demand
2025-10-22,1360,79.29338235294118,77.0,8.755389705882353,4.629338235294117,11.941911764705882,Diwali,False,Jam,Cloudy,1.368,1360.0,1309.0,1360.0,1309.0,53.0,61.0,62.0,1550.0,241.0,High,84.45,51.0,-190.0,2025-10,Good,51.0,51.0,3.75,190.0,Optimal,8.0,High,Increase route optimization and dispatch monitoring | Increase staffing for Diwali demand
2025-10-23,1097,75.71649954421149,73.0,8.74676390154968,4.625615314494075,12.208751139471286,None,False,Jam,Sandstorms,1.104,1097.0,1201.0,1097.0,1201.0,49.0,57.0,57.0,1425.0,224.0,High,84.28,-104.0,-328.0,2025-10,Good,-104.0,104.0,9.480401093892434,328.0,Optimal,6.0,Medium,Increase route optimization and dispatch monitoring
2025-10-24,1081,75.2099907493062,74.0,9.14072155411656,4.619611470860315,11.640148011100832,None,False,Jam,Sandstorms,1.088,1081.0,1152.0,1081.0,1152.0,47.0,55.0,55.0,1375.0,223.0,Medium,83.78,-71.0,-294.0,2025-10,Good,-71.0,71.0,6.567992599444958,294.0,Optimal,6.0,Medium,Increase route optimization and dispatch monitoring
2025-10-25,1090,75.42018348623853,73.0,8.632302752293578,4.615045871559633,12.06697247706422,None,False,Jam,Windy,1.097,1090.0,1153.0,1090.0,1153.0,47.0,55.0,55.0,1375.0,222.0,Medium,83.85,-63.0,-285.0,2025-10,Good,-63.0,63.0,5.779816513761468,285.0,Optimal,6.0,Medium,Increase route optimization and dispatch monitoring
2025-10-26,1102,76.46098003629764,75.0,8.926333938294011,4.619600725952814,12.046279491833031,None,False,Jam,Stormy,1.109,1102.0,1132.0,1102.0,1132.0,46.0,53.0,54.0,1350.0,218.0,Medium,83.85,-30.0,-248.0,2025-10,Good,-30.0,30.0,2.722323049001815,248.0,Optimal,7.0,High,Increase route optimization and dispatch monitoring
2025-10-27,940,71.32234042553192,69.0,9.090265957446809,4.615425531914894,11.329787234042554,None,False,Low,Sandstorms,0.9460000000000001,940.0,1110.0,940.0,1110.0,45.0,52.0,53.0,1325.0,215.0,Medium,83.77,-170.0,-385.0,2025-10,Good,-170.0,170.0,18.085106382978726,385.0,Optimal,3.0,Low,Operations performing within expected range
2025-10-28,957,73.87565308254963,72.0,9.180898641588298,4.616823406478579,11.786833855799372,None,False,Jam,Windy,0.963,957.0,1091.0,957.0,1091.0,44.0,51.0,52.0,1300.0,209.0,Medium,83.92,-134.0,-343.0,2025-10,Good,-134.0,134.0,14.00208986415883,343.0,Optimal,5.0,Medium,Increase route optimization and dispatch monitoring
2025-10-29,1210,77.75619834710744,75.0,8.761842975206612,4.627685950413223,12.136363636363637,None,False,Jam,Fog,1.217,1210.0,1089.0,1210.0,1089.0,44.0,51.0,52.0,1300.0,211.0,Normal,83.77,121.0,-90.0,2025-10,Good,121.0,121.0,10.0,90.0,Optimal,8.0,High,Increase route optimization and dispatch monitoring
2025-10-30,1053,74.21937321937322,71.0,8.993561253561253,4.616429249762583,11.549857549857549,None,False,Jam,Fog,1.059,1053.0,1146.0,1053.0,1146.0,46.0,53.0,54.0,1350.0,204.0,Medium,84.89,-93.0,-297.0,2025-10,Good,-93.0,93.0,8.831908831908832,297.0,Optimal,6.0,Medium,Increase route optimization and dispatch monitoring
2025-10-31,933,72.91318327974277,70.0,8.874726688102895,4.608574490889604,11.868167202572348,None,False,Jam,Cloudy,0.939,933.0,1088.0,933.0,1088.0,44.0,51.0,52.0,1300.0,212.0,Normal,83.69,-155.0,-367.0,2025-10,Good,-155.0,155.0,16.613076098606644,367.0,Optimal,6.0,Medium,Increase route optimization and dispatch monitoring
2025-11-01,1214,78.26935749588138,75.0,9.084019769357496,4.622570016474465,11.745469522240526,None,False,Jam,Sandstorms,1.221,1214.0,1058.0,1214.0,1058.0,43.0,50.0,50.0,1250.0,192.0,Normal,84.64,156.0,-36.0,2025-11,Good,156.0,156.0,12.850082372322898,36.0,Optimal,7.0,High,Increase route optimization and dispatch monitoring
2025-11-02,1155,77.1896103896104,75.0,8.883809523809523,4.6343722943722945,11.681385281385282,None,False,Jam,Fog,1.162,1155.0,1176.0,1155.0,1176.0,48.0,56.0,56.0,1400.0,224.0,Medium,84.0,-21.0,-245.0,2025-11,Good,-21.0,21.0,1.8181818181818181,245.0,Optimal,7.0,High,Increase route optimization and dispatch monitoring
2025-11-03,1046,74.12523900573613,72.0,8.858604206500956,4.624282982791587,11.934034416826004,None,False,Jam,Stormy,1.052,1046.0,1037.0,1046.0,1037.0,42.0,49.0,49.0,1225.0,188.0,Normal,84.65,9.0,-179.0,2025-11,Good,9.0,9.0,0.8604206500956023,179.0,Optimal,6.0,Medium,Increase route optimization and dispatch monitoring
2025-11-04,1002,74.2564870259481,72.0,9.056197604790418,4.625349301397206,11.318363273453095,None,False,Jam,Fog,1.008,1002.0,1068.0,1002.0,1068.0,43.0,50.0,51.0,1275.0,207.0,Normal,83.76,-66.0,-273.0,2025-11,Good,-66.0,66.0,6.58682634730539,273.0,Optimal,6.0,Medium,Increase route optimization and dispatch monitoring
2025-11-05,1267,80.09629044988161,77.0,9.14191002367798,4.626992896606156,12.021310181531176,None,False,Jam,Fog,1.275,1267.0,1091.0,1267.0,1091.0,44.0,51.0,52.0,1300.0,209.0,Medium,83.92,176.0,-33.0,2025-11,Warning,176.0,176.0,13.891081294396212,33.0,Optimal,8.0,High,Increase route optimization and dispatch monitoring
2025-11-06,1151,78.13379669852303,76.0,8.96110338835795,4.626411815812337,11.902693310165073,None,False,Jam,Fog,1.158,1151.0,1168.0,1151.0,1168.0,47.0,55.0,55.0,1375.0,207.0,Medium,84.95,-17.0,-224.0,2025-11,Good,-17.0,17.0,1.4769765421372718,224.0,Optimal,7.0,High,Increase route optimization and dispatch monitoring
2025-11-07,1415,79.59434628975265,77.0,8.95643816254417,4.621201413427562,11.879858657243815,None,False,Jam,Sunny,1.424,1415.0,1099.0,1415.0,1099.0,44.0,51.0,52.0,1300.0,201.0,Medium,84.54,316.0,115.0,2025-11,Good,316.0,316.0,22.3321554770318,-115.0,Optimal,9.0,High,Increase route optimization and dispatch monitoring | Add delivery capacity immediately
2025-11-08,1181,75.94496189669772,74.0,8.597976291278577,4.6248941574936495,11.863674851820491,None,False,Jam,Sunny,1.188,1181.0,1319.0,1181.0,1319.0,53.0,61.0,63.0,1575.0,256.0,High,83.75,-138.0,-394.0,2025-11,Good,-138.0,138.0,11.685012701100762,394.0,Optimal,6.0,Medium,Increase route optimization and dispatch monitoring
2025-11-09,1167,77.9228791773779,75.0,9.061242502142244,4.62107969151671,11.913453299057412,None,False,Jam,Fog,1.174,1167.0,1108.0,1167.0,1108.0,45.0,52.0,53.0,1325.0,217.0,Medium,83.62,59.0,-158.0,2025-11,Good,59.0,59.0,5.055698371893745,158.0,Optimal,7.0,High,Increase route optimization and dispatch monitoring
2025-11-10,1095,76.6566210045662,74.0,9.010392694063926,4.624292237442923,11.871232876712329,None,False,Jam,Stormy,1.102,1095.0,1093.0,1095.0,1093.0,44.0,51.0,52.0,1300.0,207.0,Medium,84.08,2.0,-205.0,2025-11,Good,2.0,2.0,0.182648401826484,205.0,Optimal,7.0,High,Increase route optimization and dispatch monitoring
2025-11-11,1194,76.54355108877722,74.0,8.464522613065325,4.63752093802345,12.000837520938024,None,False,Jam,Fog,1.201,1194.0,1083.0,1194.0,1083.0,44.0,51.0,51.0,1275.0,192.0,Normal,84.94,111.0,-81.0,2025-11,Good,111.0,111.0,9.296482412060302,81.0,Optimal,8.0,High,Increase route optimization and dispatch monitoring
2025-11-12,1248,78.68108974358974,76.0,9.08141826923077,4.63261217948718,11.838141025641026,None,False,Jam,Windy,1.256,1248.0,1105.0,1248.0,1105.0,45.0,52.0,52.0,1300.0,195.0,Medium,85.0,143.0,-52.0,2025-11,Good,143.0,143.0,11.458333333333332,52.0,Optimal,7.0,High,Increase route optimization and dispatch monitoring
2025-11-13,1233,79.64882400648824,77.0,9.120600162206003,4.6190592051905925,11.815896188158963,None,False,Jam,Fog,1.24,1233.0,1167.0,1233.0,1167.0,47.0,55.0,55.0,1375.0,208.0,Medium,84.87,66.0,-142.0,2025-11,Good,66.0,66.0,5.35279805352798,142.0,Optimal,7.0,High,Increase route optimization and dispatch monitoring
2025-11-14,1140,77.29298245614035,75.0,8.890421052631579,4.6192982456140355,11.873684210526315,None,False,Jam,Cloudy,1.147,1140.0,1188.0,1140.0,1188.0,48.0,56.0,56.0,1400.0,212.0,High,84.86,-48.0,-260.0,2025-11,Good,-48.0,48.0,4.2105263157894735,260.0,Optimal,7.0,High,Increase route optimization and dispatch monitoring
2025-11-15,1104,76.79347826086956,74.0,8.978251811594202,4.6267210144927535,11.910326086956522,None,False,Jam,Cloudy,1.111,1104.0,1098.0,1104.0,1098.0,44.0,51.0,52.0,1300.0,202.0,Medium,84.46,6.0,-196.0,2025-11,Good,6.0,6.0,0.5434782608695652,196.0,Optimal,7.0,High,Increase route optimization and dispatch monitoring
2025-11-16,1089,75.74012855831037,73.0,9.010247933884298,4.6141414141414145,11.702479338842975,None,False,Jam,Sandstorms,1.096,1089.0,1098.0,1089.0,1098.0,44.0,51.0,52.0,1300.0,202.0,Medium,84.46,-9.0,-211.0,2025-11,Good,-9.0,9.0,0.8264462809917356,211.0,Optimal,6.0,Medium,Increase route optimization and dispatch monitoring
2025-11-17,1180,77.53389830508475,75.0,9.05234745762712,4.620254237288135,11.819491525423729,None,False,Jam,Fog,1.187,1180.0,1095.0,1180.0,1095.0,44.0,51.0,52.0,1300.0,205.0,Medium,84.23,85.0,-120.0,2025-11,Good,85.0,85.0,7.203389830508475,120.0,Optimal,7.0,High,Increase route optimization and dispatch monitoring
2025-11-18,1256,79.12898089171975,77.0,8.930119426751592,4.619984076433121,11.84156050955414,None,False,Jam,Sandstorms,1.264,1256.0,1088.0,1256.0,1088.0,44.0,51.0,52.0,1300.0,212.0,Normal,83.69,168.0,-44.0,2025-11,Good,168.0,168.0,13.375796178343949,44.0,Optimal,7.0,High,Increase route optimization and dispatch monitoring
2025-11-19,1146,76.50785340314137,74.0,8.52740837696335,4.607940663176265,11.93019197207679,None,False,Jam,Windy,1.153,1146.0,1195.0,1146.0,1195.0,48.0,56.0,57.0,1425.0,230.0,High,83.86,-49.0,-279.0,2025-11,Good,-49.0,49.0,4.275741710296685,279.0,Optimal,6.0,Medium,Increase route optimization and dispatch monitoring
2025-11-20,1084,75.33856088560886,74.0,8.897564575645756,4.629981549815498,11.402214022140221,None,False,Jam,Fog,1.091,1084.0,1100.0,1084.0,1100.0,44.0,51.0,52.0,1300.0,200.0,Medium,84.62,-16.0,-216.0,2025-11,Good,-16.0,16.0,1.4760147601476015,216.0,Optimal,7.0,High,Increase route optimization and dispatch monitoring
2025-11-21,1220,78.14180327868853,75.0,8.813959016393444,4.616229508196722,11.664754098360655,None,False,Jam,Cloudy,1.227,1220.0,1111.0,1220.0,1111.0,45.0,52.0,53.0,1325.0,214.0,Medium,83.85,109.0,-105.0,2025-11,Good,109.0,109.0,8.934426229508198,105.0,Optimal,7.0,High,Increase route optimization and dispatch monitoring
2025-11-22,1123,77.95458593054319,75.0,8.973072128227962,4.628673196794301,11.959038290293856,None,False,Jam,Fog,1.13,1123.0,1233.0,1123.0,1233.0,50.0,58.0,59.0,1475.0,242.0,High,83.59,-110.0,-352.0,2025-11,Good,-110.0,110.0,9.795191451469279,352.0,Optimal,7.0,High,Increase route optimization and dispatch monitoring
2025-11-23,1220,77.61803278688525,74.0,9.126467213114754,4.632459016393443,12.001639344262296,None,False,Jam,Stormy,1.227,1220.0,1081.0,1220.0,1081.0,44.0,51.0,51.0,1275.0,194.0,Normal,84.78,139.0,-55.0,2025-11,Good,139.0,139.0,11.39344262295082,55.0,Optimal,8.0,High,Increase route optimization and dispatch monitoring
2025-11-24,911,72.22063666300768,69.0,8.811822173435784,4.61185510428101,11.761800219538967,None,False,Jam,Stormy,0.916,911.0,1217.0,911.0,1217.0,49.0,57.0,58.0,1450.0,233.0,High,83.93,-306.0,-539.0,2025-11,Good,-306.0,306.0,33.589462129527995,539.0,Optimal,6.0,Medium,Increase route optimization and dispatch monitoring
2025-11-25,1048,73.6956106870229,70.0,8.480410305343511,4.6181297709923665,11.833969465648854,None,False,Jam,Cloudy,1.054,1048.0,1098.0,1048.0,1098.0,44.0,51.0,52.0,1300.0,202.0,Medium,84.46,-50.0,-252.0,2025-11,Good,-50.0,50.0,4.770992366412214,252.0,Optimal,6.0,Medium,Increase route optimization and dispatch monitoring
2025-11-26,1116,75.52777777777777,73.0,8.754507168458781,4.623387096774193,11.594086021505376,None,False,Jam,Sandstorms,1.123,1116.0,1141.0,1116.0,1141.0,46.0,53.0,54.0,1350.0,209.0,Medium,84.52,-25.0,-234.0,2025-11,Good,-25.0,25.0,2.240143369175627,234.0,Optimal,6.0,Medium,Increase route optimization and dispatch monitoring
2025-11-27,914,72.30962800875274,70.0,8.82925601750547,4.6263676148796495,11.696936542669585,None,False,Jam,Cloudy,0.92,914.0,1134.0,914.0,1134.0,46.0,53.0,54.0,1350.0,216.0,Medium,84.0,-220.0,-436.0,2025-11,Good,-220.0,220.0,24.070021881838073,436.0,Optimal,6.0,Medium,Increase route optimization and dispatch monitoring
2025-11-28,1099,76.78707916287534,74.0,8.999226569608735,4.633303002729754,11.905368516833486,None,False,Jam,Cloudy,1.106,1099.0,1084.0,1099.0,1084.0,44.0,51.0,52.0,1300.0,216.0,Normal,83.38,15.0,-201.0,2025-11,Good,15.0,15.0,1.364877161055505,201.0,Optimal,7.0,High,Increase route optimization and dispatch monitoring
2025-11-29,1062,76.0677966101695,74.0,9.125150659133709,4.618832391713747,11.662900188323917,None,False,Jam,Fog,1.068,1062.0,1095.0,1062.0,1095.0,44.0,51.0,52.0,1300.0,205.0,Medium,84.23,-33.0,-238.0,2025-11,Good,-33.0,33.0,3.1073446327683616,238.0,Optimal,7.0,High,Increase route optimization and dispatch monitoring
2025-11-30,1116,75.40770609318996,73.0,8.647293906810035,4.620071684587813,11.501792114695341,None,False,Jam,Fog,1.123,1116.0,1080.0,1116.0,1080.0,44.0,51.0,51.0,1275.0,195.0,Normal,84.71,36.0,-159.0,2025-11,Good,36.0,36.0,3.225806451612903,159.0,Optimal,7.0,High,Increase route optimization and dispatch monitoring
2025-12-01,1145,75.97729257641922,74.0,8.64492576419214,4.623755458515284,11.800873362445415,None,False,Jam,Fog,1.152,1145.0,1033.0,1145.0,1033.0,42.0,49.0,49.0,1225.0,192.0,Normal,84.33,112.0,-80.0,2025-12,Good,112.0,112.0,9.781659388646288,80.0,Optimal,8.0,High,Increase route optimization and dispatch monitoring
2025-12-02,1041,74.46878001921229,72.0,8.955158501440922,4.6216138328530265,11.927953890489913,None,False,Jam,Stormy,1.047,1041.0,1026.0,1041.0,1026.0,42.0,49.0,49.0,1225.0,199.0,Normal,83.76,15.0,-184.0,2025-12,Good,15.0,15.0,1.440922190201729,184.0,Optimal,6.0,Medium,Increase route optimization and dispatch monitoring
2025-12-03,1034,74.81431334622825,73.0,9.040609284332689,4.620502901353966,11.729206963249517,None,False,Jam,Cloudy,1.04,1034.0,1064.0,1034.0,1064.0,43.0,50.0,51.0,1275.0,211.0,Normal,83.45,-30.0,-241.0,2025-12,Good,-30.0,30.0,2.9013539651837523,241.0,Optimal,6.0,Medium,Increase route optimization and dispatch monitoring
2025-12-04,1057,74.69820245979186,72.0,8.918609271523179,4.6168401135288555,11.753074739829707,None,False,Jam,Windy,1.063,1057.0,1021.0,1057.0,1021.0,41.0,48.0,49.0,1225.0,204.0,Normal,83.35,36.0,-168.0,2025-12,Good,36.0,36.0,3.405865657521287,168.0,Optimal,5.0,Medium,Increase route optimization and dispatch monitoring
2025-12-05,1221,79.56511056511056,77.0,8.785495495495496,4.61007371007371,11.968877968877969,None,False,Jam,Sandstorms,1.228,1221.0,1043.0,1221.0,1043.0,42.0,49.0,50.0,1250.0,207.0,Normal,83.44,178.0,-29.0,2025-12,Good,178.0,178.0,14.57821457821458,29.0,Optimal,7.0,High,Increase route optimization and dispatch monitoring
2025-12-06,999,74.51851851851852,72.0,8.986906906906906,4.615315315315315,11.807807807807809,None,False,Jam,Fog,1.005,999.0,1216.0,999.0,1216.0,49.0,57.0,58.0,1450.0,234.0,High,83.86,-217.0,-451.0,2025-12,Good,-217.0,217.0,21.72172172172172,451.0,Optimal,6.0,Medium,Increase route optimization and dispatch monitoring
2025-12-07,995,74.20100502512562,71.0,9.058100502512563,4.622914572864322,11.907537688442211,None,False,Jam,Fog,1.001,995.0,1030.0,995.0,1030.0,42.0,49.0,49.0,1225.0,195.0,Normal,84.08,-35.0,-230.0,2025-12,Good,-35.0,35.0,3.5175879396984926,230.0,Optimal,6.0,Medium,Increase route optimization and dispatch monitoring
2025-12-08,1099,77.88717015468607,76.0,9.09888989990901,4.62638762511374,12.288444040036397,None,False,Jam,Fog,1.106,1099.0,1054.0,1099.0,1054.0,43.0,50.0,50.0,1250.0,196.0,Normal,84.32,45.0,-151.0,2025-12,Good,45.0,45.0,4.094631483166515,151.0,Optimal,7.0,High,Increase route optimization and dispatch monitoring
2025-12-09,1044,74.85919540229885,73.5,8.789157088122604,4.620689655172414,11.78639846743295,None,False,Jam,Fog,1.05,1044.0,1035.0,1044.0,1035.0,42.0,49.0,49.0,1225.0,190.0,Normal,84.49,9.0,-181.0,2025-12,Good,9.0,9.0,0.8620689655172413,181.0,Optimal,6.0,Medium,Increase route optimization and dispatch monitoring
2025-12-10,1185,76.62194092827004,74.0,8.798902953586499,4.622447257383967,11.823628691983123,None,False,Jam,Stormy,1.192,1185.0,1058.0,1185.0,1058.0,43.0,50.0,50.0,1250.0,192.0,Normal,84.64,127.0,-65.0,2025-12,Good,127.0,127.0,10.717299578059073,65.0,Optimal,8.0,High,Increase route optimization and dispatch monitoring
2025-12-11,1062,74.57627118644068,71.0,8.695291902071563,4.620056497175141,11.831450094161958,None,False,Jam,Stormy,1.068,1062.0,1048.0,1062.0,1048.0,42.0,49.0,50.0,1250.0,202.0,Normal,83.84,14.0,-188.0,2025-12,Good,14.0,14.0,1.3182674199623352,188.0,Optimal,6.0,Medium,Increase route optimization and dispatch monitoring
2025-12-12,1191,77.40050377833754,75.0,9.060025188916876,4.6200671704450045,11.845507976490344,None,False,Jam,Sandstorms,1.198,1191.0,1072.0,1191.0,1072.0,43.0,50.0,51.0,1275.0,203.0,Normal,84.08,119.0,-84.0,2025-12,Good,119.0,119.0,9.991603694374476,84.0,Optimal,7.0,High,Increase route optimization and dispatch monitoring
2025-12-13,994,74.21227364185111,71.5,9.296438631790744,4.619014084507042,11.799798792756539,None,False,Jam,Fog,1.0,994.0,1061.0,994.0,1061.0,43.0,50.0,50.0,1250.0,189.0,Normal,84.88,-67.0,-256.0,2025-12,Good,-67.0,67.0,6.740442655935613,256.0,Optimal,6.0,Medium,Increase route optimization and dispatch monitoring
2025-12-14,1072,76.38992537313433,74.0,9.186716417910448,4.617537313432836,11.732276119402986,None,False,Jam,Windy,1.078,1072.0,1039.0,1072.0,1039.0,42.0,49.0,49.0,1225.0,186.0,Normal,84.82,33.0,-153.0,2025-12,Good,33.0,33.0,3.078358208955224,153.0,Optimal,6.0,Medium,Increase route optimization and dispatch monitoring
2025-12-15,1035,75.56908212560387,74.0,9.128608695652174,4.619130434782609,11.889855072463767,None,False,Jam,Cloudy,1.041,1035.0,1083.0,1035.0,1083.0,44.0,51.0,51.0,1275.0,192.0,Normal,84.94,-48.0,-240.0,2025-12,Good,-48.0,48.0,4.63768115942029,240.0,Optimal,7.0,High,Increase route optimization and dispatch monitoring
2025-12-16,960,73.590625,71.0,8.977052083333332,4.624479166666666,12.011458333333334,None,False,Jam,Stormy,0.966,960.0,1092.0,960.0,1092.0,44.0,51.0,52.0,1300.0,208.0,Medium,84.0,-132.0,-340.0,2025-12,Good,-132.0,132.0,13.750000000000002,340.0,Optimal,6.0,Medium,Increase route optimization and dispatch monitoring
2025-12-17,987,73.79331306990882,71.0,8.994255319148936,4.635866261398177,11.768996960486323,None,False,Jam,Fog,0.993,987.0,1057.0,987.0,1057.0,43.0,50.0,50.0,1250.0,193.0,Normal,84.56,-70.0,-263.0,2025-12,Good,-70.0,70.0,7.092198581560284,263.0,Optimal,6.0,Medium,Increase route optimization and dispatch monitoring
2025-12-18,1122,77.95989304812834,74.0,9.065614973262033,4.61934046345811,12.098039215686274,None,False,Jam,Fog,1.129,1122.0,1049.0,1122.0,1049.0,42.0,49.0,50.0,1250.0,201.0,Normal,83.92,73.0,-128.0,2025-12,Good,73.0,73.0,6.506238859180035,128.0,Optimal,7.0,High,Increase route optimization and dispatch monitoring
2025-12-19,1097,75.08477666362808,72.0,8.72647219690064,4.616499544211486,11.775752051048313,None,False,Jam,Sandstorms,1.104,1097.0,1083.0,1097.0,1083.0,44.0,51.0,51.0,1275.0,192.0,Normal,84.94,14.0,-178.0,2025-12,Good,14.0,14.0,1.276207839562443,178.0,Optimal,6.0,Medium,Increase route optimization and dispatch monitoring
2025-12-20,1116,76.35304659498208,75.0,9.122876344086022,4.637544802867383,11.882616487455197,Christmas,False,Jam,Sunny,1.123,1116.0,1087.0,1116.0,1087.0,44.0,51.0,52.0,1300.0,213.0,Normal,83.62,29.0,-184.0,2025-12,Good,29.0,29.0,2.5985663082437274,184.0,Optimal,7.0,High,Increase route optimization and dispatch monitoring | Increase staffing for Christmas demand
2025-12-21,1195,77.7255230125523,76.0,8.677849372384937,4.6188284518828455,11.950627615062762,Christmas,False,Jam,Fog,1.202,1195.0,1069.0,1195.0,1069.0,43.0,50.0,51.0,1275.0,206.0,Normal,83.84,126.0,-80.0,2025-12,Good,126.0,126.0,10.543933054393305,80.0,Optimal,9.0,High,Increase route optimization and dispatch monitoring | Increase staffing for Christmas demand
2025-12-22,1286,79.18118195956454,76.0,8.814175738724728,4.615241057542768,11.67651632970451,Christmas,False,Jam,Sunny,1.294,1286.0,1086.0,1286.0,1086.0,44.0,51.0,52.0,1300.0,214.0,Normal,83.54,200.0,-14.0,2025-12,Good,200.0,200.0,15.552099533437014,14.0,Optimal,8.0,High,Increase route optimization and dispatch monitoring | Increase staffing for Christmas demand
2025-12-23,974,74.13552361396304,71.5,9.068377823408625,4.624332648870637,11.547227926078028,Christmas,False,Jam,Fog,0.98,974.0,1176.0,974.0,1176.0,48.0,56.0,56.0,1400.0,224.0,Medium,84.0,-202.0,-426.0,2025-12,Good,-202.0,202.0,20.739219712525667,426.0,Optimal,7.0,High,Increase route optimization and dispatch monitoring | Increase staffing for Christmas demand
2025-12-24,1113,75.65498652291105,73.0,8.762012578616353,4.617340521114106,11.83737646001797,Christmas,False,Jam,Fog,1.12,1113.0,1099.0,1113.0,1099.0,44.0,51.0,52.0,1300.0,201.0,Medium,84.54,14.0,-187.0,2025-12,Good,14.0,14.0,1.257861635220126,187.0,Optimal,8.0,High,Increase route optimization and dispatch monitoring | Increase staffing for Christmas demand
2025-12-25,1104,76.7518115942029,74.0,9.063677536231884,4.612590579710145,11.704710144927537,Christmas,False,Jam,Fog,1.111,1104.0,1114.0,1104.0,1114.0,45.0,52.0,53.0,1325.0,211.0,Medium,84.08,-10.0,-221.0,2025-12,Good,-10.0,10.0,0.9057971014492754,221.0,Optimal,8.0,High,Increase route optimization and dispatch monitoring | Increase staffing for Christmas demand
2025-12-26,1413,79.15286624203821,76.0,8.827367303609341,4.612809624911535,11.876150035385704,Christmas,False,Jam,Fog,1.422,1413.0,1119.0,1413.0,1119.0,45.0,52.0,53.0,1325.0,206.0,Medium,84.45,294.0,88.0,2025-12,Good,294.0,294.0,20.8067940552017,-88.0,Optimal,11.0,Critical,Increase route optimization and dispatch monitoring | Increase staffing for Christmas demand | Add delivery capacity immediately
2025-12-27,1111,76.34923492349235,75.0,9.076678667866787,4.635553555355536,11.882988298829883,None,False,Jam,Fog,1.118,1111.0,1340.0,1111.0,1340.0,54.0,63.0,64.0,1600.0,260.0,High,83.75,-229.0,-489.0,2025-12,Good,-229.0,229.0,20.612061206120615,489.0,Optimal,7.0,High,Increase route optimization and dispatch monitoring
2025-12-28,1142,77.49737302977233,75.5,9.176619964973732,4.634676007005254,11.836252189141856,None,False,Jam,Fog,1.149,1142.0,1065.0,1142.0,1065.0,43.0,50.0,51.0,1275.0,210.0,Normal,83.53,77.0,-133.0,2025-12,Good,77.0,77.0,6.742556917688266,133.0,Optimal,7.0,High,Increase route optimization and dispatch monitoring
2025-12-29,958,73.92066805845512,72.0,9.40312108559499,4.634342379958246,11.700417536534447,None,False,Jam,Stormy,0.964,958.0,1084.0,958.0,1084.0,44.0,51.0,52.0,1300.0,216.0,Normal,83.38,-126.0,-342.0,2025-12,Good,-126.0,126.0,13.152400835073069,342.0,Optimal,6.0,Medium,Increase route optimization and dispatch monitoring
2025-12-30,969,73.2858617131063,69.0,8.905448916408668,4.624871001031992,11.680082559339525,None,False,Jam,Cloudy,0.975,969.0,1089.0,969.0,1089.0,44.0,51.0,52.0,1300.0,211.0,Normal,83.77,-120.0,-331.0,2025-12,Good,-120.0,120.0,12.38390092879257,331.0,Optimal,6.0,Medium,Increase route optimization and dispatch monitoring
2025-12-31,1170,77.51196581196581,75.0,8.731461538461538,4.621111111111111,11.862393162393163,None,False,Jam,Fog,1.177,1170.0,1088.0,1170.0,1088.0,44.0,51.0,52.0,1300.0,212.0,Normal,83.69,82.0,-130.0,2025-12,Good,82.0,82.0,7.0085470085470085,130.0,Optimal,7.0,High,Increase route optimization and dispatch monitoring
